year,month,day,dow,hour,minute
2017,8,15,1,9,27
2017,8,15,1,7,29
2017,8,15,1,7,23
2017,8,15,1,7,3
2017,8,15,1,6,45
2017,8,15,1,5,59
2017,8,15,1,5,29
2017,8,14,0,15,31
2017,8,14,0,10,30
2017,8,14,0,10,19
2017,8,14,0,10,7
2017,8,14,0,9,18
2017,8,14,0,7,36
2017,8,11,4,8,57
2017,8,11,4,8,30
2017,8,10,3,8,54
2017,8,10,3,8,48
2017,8,10,3,12,26
2017,8,10,3,11,35
2017,8,10,3,6,31
2017,8,9,2,11,1
2017,8,9,2,5,58
2017,8,9,2,5,55
2017,8,8,1,9,55
2017,8,8,1,9,11
2017,8,8,1,3,58
2017,8,7,0,4,8
2017,8,4,4,16,54
2017,8,4,4,16,54
2017,8,4,4,16,54
2017,8,4,4,11,39
2017,8,4,4,11,31
2017,8,4,4,11,29
2017,8,4,4,11,3
2017,8,3,3,12,44
2017,8,3,3,11,26
2017,8,3,3,10,37
2017,8,3,3,9,41
2017,8,3,3,9,9
2017,8,3,3,9,9
2017,8,3,3,9,9
2017,8,2,2,10,54
2017,8,2,2,10,53
2017,8,2,2,15,15
2017,8,2,2,7,53
2017,8,2,2,7,1
2017,8,2,2,11,41
2017,8,2,2,11,33
2017,8,2,2,6,8
2017,8,2,2,9,44
2017,8,1,1,23,27
2017,8,1,1,9,53
2017,8,1,1,9,0
2017,8,1,1,6,0
2017,8,1,1,8,59
2017,8,1,1,8,59
2017,8,1,1,8,59
2017,8,1,1,8,59
2017,7,31,0,17,3
2017,7,31,0,14,29
2017,7,31,0,7,56
2017,7,31,0,6,2
2017,7,31,0,6,1
2017,7,31,0,5,30
2017,7,31,0,10,9
2017,7,31,0,5,9
2017,7,30,6,11,14
2017,7,29,5,14,31
2017,7,29,5,12,14
2017,7,28,4,5,2
2017,7,27,3,18,18
2017,7,27,3,11,8
2017,7,27,3,10,23
2017,7,27,3,8,51
2017,7,27,3,5,27
2017,7,26,2,17,51
2017,7,26,2,14,48
2017,7,26,2,9,41
2017,7,26,2,9,38
2017,7,26,2,9,22
2017,7,26,2,7,3
2017,7,26,2,5,37
2017,7,26,2,5,33
2017,7,25,1,21,13
2017,7,25,1,21,13
2017,7,25,1,21,13
2017,7,25,1,16,46
2017,7,25,1,16,33
2017,7,25,1,16,25
2017,7,25,1,9,3
2017,7,25,1,13,46
2017,7,25,1,6,42
2017,7,25,1,6,12
2017,7,25,1,11,2
2017,7,25,1,5,57
2017,7,25,1,5,38
2017,7,25,1,5,22
2017,7,24,0,4,26
2017,7,24,0,9,22
2017,7,21,4,10,50
2017,7,21,4,8,15
2017,7,21,4,7,27
2017,7,21,4,7,11
2017,7,21,4,11,17
2017,7,21,4,6,4
2017,7,21,4,5,48
2017,7,20,3,12,8
2017,7,20,3,11,50
2017,7,20,3,16,44
2017,7,20,3,12,3
2017,7,20,3,10,56
2017,7,20,3,10,55
2017,7,20,3,8,47
2017,7,20,3,3,46
2017,7,19,2,10,23
2017,7,19,2,10,20
2017,7,19,2,12,25
2017,7,18,1,16,27
2017,7,18,1,8,55
2017,7,18,1,13,45
2017,7,18,1,11,49
2017,7,18,1,11,22
2017,7,18,1,6,20
2017,7,18,1,11,19
2017,7,18,1,6,12
2017,7,18,1,5,56
2017,7,18,1,5,42
2017,7,17,0,15,4
2017,7,17,0,14,58
2017,7,17,0,12,34
2017,7,17,0,9,30
2017,7,17,0,8,59
2017,7,17,0,7,22
2017,7,17,0,7,19
2017,7,17,0,6,55
2017,7,17,0,6,54
2017,7,17,0,6,52
2017,7,17,0,6,51
2017,7,14,4,10,42
2017,7,14,4,14,4
2017,7,14,4,9,4
2017,7,14,4,12,43
2017,7,14,4,12,23
2017,7,14,4,7,22
2017,7,14,4,7,20
2017,7,14,4,9,57
2017,7,13,3,10,48
2017,7,13,3,14,43
2017,7,13,3,6,22
2017,7,13,3,10,34
2017,7,13,3,10,14
2017,7,13,3,10,14
2017,7,12,2,12,15
2017,7,12,2,8,37
2017,7,12,2,11,23
2017,7,12,2,10,0
2017,7,12,2,4,59
2017,7,11,1,10,13
2017,7,11,1,9,30
2017,7,11,1,4,16
2017,7,10,0,9,21
2017,7,10,0,8,32
2017,7,10,0,8,19
2017,7,10,0,13,1
2017,7,10,0,7,40
2017,7,10,0,7,31
2017,7,10,0,5,53
2017,7,10,0,5,43
2017,7,10,0,10,12
2017,7,10,0,9,37
2017,7,7,4,9,53
2017,7,7,4,13,43
2017,7,7,4,8,31
2017,7,7,4,6,54
2017,7,7,4,6,46
2017,7,7,4,6,6
2017,7,7,4,4,50
2017,7,6,3,6,2
2017,7,6,3,10,34
2017,7,6,3,10,31
2017,7,6,3,5,29
2017,7,5,2,12,35
2017,7,5,2,12,32
2017,7,5,2,12,2
2017,7,5,2,10,5
2017,7,5,2,10,5
2017,7,5,2,5,5
2017,7,5,2,10,4
2017,7,3,0,12,40
2017,7,3,0,9,51
2017,7,3,0,14,30
2017,7,3,0,13,57
2017,7,3,0,5,36
2017,7,3,0,5,24
2017,7,3,0,5,5
2017,7,3,0,4,45
2017,7,1,5,19,4
2017,6,30,4,11,55
2017,6,30,4,11,50
2017,6,30,4,11,29
2017,6,30,4,9,54
2017,6,30,4,14,31
2017,6,30,4,10,31
2017,6,29,3,11,5
2017,6,29,3,7,38
2017,6,29,3,7,14
2017,6,29,3,7,13
2017,6,29,3,7,7
2017,6,29,3,10,13
2017,6,29,3,4,41
2017,6,27,1,13,0
2017,6,27,1,6,55
2017,6,27,1,6,39
2017,6,27,1,11,31
2017,6,27,1,5,48
2017,6,26,0,17,23
2017,6,26,0,7,35
2017,6,26,0,11,57
2017,6,26,0,5,26
2017,6,26,0,4,30
2017,6,23,4,9,57
2017,6,23,4,7,57
2017,6,23,4,10,49
2017,6,23,4,10,2
2017,6,22,3,10,24
2017,6,22,3,9,31
2017,6,22,3,8,42
2017,6,21,2,12,5
2017,6,21,2,5,31
2017,6,21,2,10,27
2017,6,20,1,10,40
2017,6,20,1,7,2
2017,6,20,1,6,52
2017,6,20,1,6,16
2017,6,20,1,5,36
2017,6,20,1,9,51
2017,6,19,0,13,31
2017,6,19,0,10,5
2017,6,19,0,12,45
2017,6,19,0,6,51
2017,6,16,4,8,24
2017,6,16,4,13,21
2017,6,16,4,4,17
2017,6,15,3,9,29
2017,6,15,3,8,30
2017,6,15,3,8,20
2017,6,15,3,7,38
2017,6,15,3,6,43
2017,6,14,2,12,10
2017,6,14,2,9,46
2017,6,14,2,7,58
2017,6,14,2,12,51
2017,6,14,2,7,50
2017,6,14,2,6,50
2017,6,14,2,4,45
2017,6,13,1,16,53
2017,6,13,1,13,18
2017,6,13,1,13,17
2017,6,13,1,13,17
2017,6,13,1,6,56
2017,6,13,1,10,39
2017,6,12,0,9,32
2017,6,12,0,8,20
2017,6,12,0,8,4
2017,6,12,0,8,0
2017,6,12,0,7,58
2017,6,12,0,12,54
2017,6,12,0,7,53
2017,6,12,0,7,42
2017,6,12,0,12,38
2017,6,12,0,11,50
2017,6,12,0,6,49
2017,6,12,0,5,32
2017,6,12,0,9,59
2017,6,9,4,9,30
2017,6,9,4,7,30
2017,6,9,4,6,20
2017,6,9,4,6,20
2017,6,9,4,6,2
2017,6,9,4,5,55
2017,6,9,4,5,54
2017,6,9,4,5,15
2017,6,8,3,9,46
2017,6,8,3,13,48
2017,6,8,3,10,40
2017,6,8,3,10,40
2017,6,8,3,9,12
2017,6,8,3,9,12
2017,6,8,3,9,12
2017,6,8,3,9,11
2017,6,7,2,12,50
2017,6,7,2,8,49
2017,6,7,2,7,17
2017,6,7,2,12,2
2017,6,7,2,10,45
2017,6,7,2,5,19
2017,6,7,2,5,17
2017,6,6,1,12,36
2017,6,6,1,14,4
2017,6,6,1,5,39
2017,6,6,1,5,36
2017,6,6,1,5,25
2017,6,5,0,9,55
2017,6,5,0,9,27
2017,6,5,0,7,36
2017,6,3,5,15,30
2017,6,3,5,15,29
2017,6,2,4,14,34
2017,6,2,4,5,44
2017,6,2,4,5,30
2017,6,1,3,12,34
2017,6,1,3,12,6
2017,6,1,3,16,59
2017,6,1,3,10,0
2017,6,1,3,9,57
2017,6,1,3,6,46
2017,6,1,3,11,45
2017,5,31,2,12,23
2017,5,31,2,12,5
2017,5,31,2,11,59
2017,5,31,2,11,58
2017,5,31,2,7,51
2017,5,31,2,6,48
2017,5,31,2,6,26
2017,5,31,2,5,57
2017,5,30,1,11,52
2017,5,30,1,11,51
2017,5,30,1,10,13
2017,5,30,1,13,32
2017,5,30,1,8,32
2017,5,30,1,6,58
2017,5,30,1,6,16
2017,5,29,0,23,48
2017,5,29,0,23,47
2017,5,28,6,20,47
2017,5,28,6,20,47
2017,5,28,6,20,47
2017,5,26,4,4,25
2017,5,25,3,6,40
2017,5,25,3,11,38
2017,5,24,2,7,5
2017,5,24,2,10,46
2017,5,24,2,10,46
2017,5,24,2,10,29
2017,5,24,2,4,36
2017,5,24,2,4,28
2017,5,23,1,4,27
2017,5,22,0,12,8
2017,5,22,0,13,43
2017,5,22,0,8,8
2017,5,22,0,7,2
2017,5,22,0,6,45
2017,5,22,0,6,23
2017,5,22,0,11,21
2017,5,22,0,11,2
2017,5,22,0,5,58
2017,5,22,0,10,57
2017,5,19,4,11,30
2017,5,19,4,9,39
2017,5,18,3,16,22
2017,5,18,3,12,17
2017,5,18,3,6,31
2017,5,18,3,6,21
2017,5,18,3,6,16
2017,5,18,3,6,3
2017,5,18,3,9,55
2017,5,18,3,9,54
2017,5,18,3,9,52
2017,5,17,2,14,3
2017,5,17,2,7,16
2017,5,17,2,5,48
2017,5,17,2,10,43
2017,5,17,2,9,39
2017,5,17,2,9,12
2017,5,17,2,9,12
2017,5,16,1,10,30
2017,5,16,1,9,41
2017,5,15,0,8,26
2017,5,15,0,4,36
2017,5,15,0,9,30
2017,5,11,3,15,43
2017,5,11,3,7,15
2017,5,10,2,6,46
2017,5,10,2,5,45
2017,5,10,2,5,31
2017,5,9,1,13,8
2017,5,9,1,11,50
2017,5,9,1,11,44
2017,5,9,1,11,43
2017,5,9,1,9,40
2017,5,9,1,10,40
2017,5,9,1,6,44
2017,5,9,1,6,44
2017,5,8,0,11,18
2017,5,8,0,10,35
2017,5,8,0,9,4
2017,5,8,0,10,43
2017,5,5,4,20,28
2017,5,5,4,11,5
2017,5,5,4,10,59
2017,5,5,4,10,35
2017,5,5,4,9,38
2017,5,5,4,8,46
2017,5,5,4,11,18
2017,5,5,4,11,5
2017,5,5,4,10,58
2017,5,5,4,10,41
2017,5,5,4,10,36
2017,5,5,4,5,35
2017,5,4,3,8,23
2017,5,4,3,7,55
2017,5,4,3,12,10
2017,5,4,3,6,58
2017,5,4,3,5,47
2017,5,4,3,10,20
2017,5,3,2,12,17
2017,5,3,2,11,56
2017,5,3,2,16,49
2017,5,3,2,11,10
2017,5,3,2,8,23
2017,5,3,2,8,5
2017,5,3,2,7,52
2017,5,3,2,5,1
2017,5,3,2,9,55
2017,5,3,2,9,55
2017,5,3,2,9,55
2017,5,3,2,9,52
2017,5,2,1,11,51
2017,5,2,1,9,23
2017,5,2,1,6,35
2017,5,2,1,5,38
2017,5,2,1,5,37
2017,5,2,1,5,28
2017,5,1,0,11,53
2017,5,1,0,11,22
2017,5,1,0,11,15
2017,5,1,0,10,59
2017,5,1,0,10,52
2017,5,1,0,15,24
2017,5,1,0,13,22
2017,5,1,0,6,59
2017,5,1,0,11,58
2017,5,1,0,6,56
2017,5,1,0,6,55
2017,5,1,0,11,7
2017,5,1,0,5,55
2017,5,1,0,5,47
2017,5,1,0,5,31
2017,5,1,0,5,22
2017,4,28,4,15,36
2017,4,26,2,13,15
2017,4,26,2,16,32
2017,4,26,2,11,34
2017,4,26,2,5,59
2017,4,25,1,12,20
2017,4,25,1,9,23
2017,4,25,1,7,9
2017,4,25,1,6,11
2017,4,24,0,9,2
2017,4,24,0,8,57
2017,4,24,0,13,35
2017,4,24,0,13,4
2017,4,20,3,10,19
2017,4,20,3,11,23
2017,4,20,3,11,16
2017,4,20,3,10,50
2017,4,19,2,14,54
2017,4,19,2,13,6
2017,4,18,1,15,37
2017,4,18,1,13,12
2017,4,17,0,10,51
2017,4,17,0,13,1
2017,4,17,0,12,39
2017,4,17,0,11,34
2017,4,14,4,10,22
2017,4,14,4,9,22
2017,4,14,4,13,48
2017,4,14,4,8,4
2017,4,13,3,10,26
2017,4,13,3,14,41
2017,4,13,3,10,45
2017,4,13,3,5,40
2017,4,12,2,12,29
2017,4,12,2,15,15
2017,4,12,2,11,45
2017,4,12,2,9,38
2017,4,11,1,11,30
2017,4,11,1,11,20
2017,4,11,1,6,11
2017,4,11,1,5,23
2017,4,10,0,14,34
2017,4,10,0,14,14
2017,4,10,0,14,11
2017,4,10,0,14,9
2017,4,10,0,17,11
2017,4,10,0,15,42
2017,4,10,0,15,36
2017,4,10,0,15,18
2017,4,10,0,15,18
2017,4,10,0,15,18
2017,4,10,0,5,11
2017,4,9,6,17,18
2017,4,6,3,19,0
2017,4,6,3,10,32
2017,4,6,3,10,31
2017,4,6,3,15,28
2017,4,6,3,8,46
2017,4,6,3,13,13
2017,4,6,3,8,13
2017,4,6,3,12,39
2017,4,6,3,5,54
2017,4,6,3,5,26
2017,4,6,3,10,13
2017,4,6,3,4,24
2017,4,5,2,16,43
2017,4,5,2,11,30
2017,4,5,2,11,22
2017,4,5,2,10,9
2017,4,5,2,6,56
2017,4,5,2,6,19
2017,4,5,2,10,22
2017,4,5,2,10,14
2017,4,5,2,10,14
2017,4,4,1,11,51
2017,4,4,1,10,0
2017,4,4,1,8,43
2017,4,4,1,3,51
2017,4,3,0,12,50
2017,4,3,0,12,40
2017,4,3,0,6,49
2017,4,3,0,6,46
2017,4,3,0,5,46
2017,4,3,0,10,37
2017,4,3,0,10,37
2017,4,3,0,5,22
2017,4,3,0,5,15
2017,3,24,4,14,22
2017,3,24,4,13,59
2017,3,24,4,10,40
2017,3,24,4,9,4
2017,3,24,4,6,26
2017,3,24,4,5,43
2017,3,24,4,5,43
2017,3,24,4,5,29
2017,3,23,3,12,52
2017,3,23,3,10,50
2017,3,23,3,7,46
2017,3,22,2,12,52
2017,3,22,2,12,49
2017,3,22,2,12,22
2017,3,22,2,10,50
2017,3,22,2,10,14
2017,3,22,2,10,5
2017,3,22,2,9,52
2017,3,22,2,8,47
2017,3,22,2,8,21
2017,3,22,2,7,26
2017,3,22,2,10,0
2017,3,21,1,12,0
2017,3,21,1,11,8
2017,3,21,1,14,50
2017,3,21,1,13,42
2017,3,21,1,11,25
2017,3,21,1,10,39
2017,3,20,0,16,41
2017,3,20,0,9,53
2017,3,20,0,8,54
2017,3,20,0,13,31
2017,3,20,0,9,57
2017,3,17,4,16,27
2017,3,17,4,15,46
2017,3,17,4,15,45
2017,3,16,3,22,40
2017,3,16,3,14,5
2017,3,16,3,12,5
2017,3,15,2,20,52
2017,3,15,2,8,50
2017,3,15,2,5,10
2017,3,15,2,4,26
2017,3,14,1,15,46
2017,3,14,1,14,9
2017,3,14,1,14,10
2017,3,14,1,14,10
2017,3,14,1,7,1
2017,3,14,1,6,8
2017,3,14,1,10,37
2017,3,14,1,10,37
2017,3,14,1,10,5
2017,3,13,0,13,29
2017,3,13,0,12,53
2017,3,13,0,12,38
2017,3,13,0,9,12
2017,3,13,0,12,51
2017,3,13,0,7,24
2017,3,13,0,6,51
2017,3,13,0,5,50
2017,3,13,0,10,29
2017,3,13,0,5,23
2017,3,13,0,10,4
2017,3,13,0,10,4
2017,3,13,0,10,3
2017,3,12,6,17,57
2017,3,12,6,17,57
2017,3,12,6,17,57
2017,3,12,6,17,57
2017,3,12,6,17,57
2017,3,12,6,17,57
2017,3,12,6,17,57
2017,3,12,6,17,57
2017,3,12,6,17,57
2017,3,12,6,17,57
2017,3,12,6,15,33
2017,3,10,4,5,54
2017,3,10,4,11,50
2017,3,10,4,11,8
2017,3,10,4,11,6
2017,3,10,4,11,6
2017,3,10,4,4,51
2017,3,10,4,4,40
2017,3,10,4,10,20
2017,3,10,4,10,18
2017,3,10,4,3,21
2017,3,9,3,21,30
2017,3,9,3,10,23
2017,3,8,2,15,34
2017,3,8,2,15,26
2017,3,8,2,14,49
2017,3,8,2,4,44
2017,3,8,2,10,26
2017,3,7,1,13,22
2017,3,7,1,8,52
2017,3,7,1,8,26
2017,3,6,0,22,31
2017,3,6,0,20,53
2017,3,6,0,15,34
2017,3,6,0,8,24
2017,3,6,0,8,10
2017,3,6,0,7,35
2017,3,6,0,5,41
2017,3,6,0,5,30
2017,3,6,0,9,54
2017,3,4,5,14,50
2017,3,3,4,12,49
2017,3,3,4,18,23
2017,3,3,4,12,8
2017,3,3,4,10,17
2017,3,3,4,8,56
2017,3,3,4,8,9
2017,3,3,4,13,14
2017,3,3,4,6,16
2017,3,3,4,12,8
2017,3,3,4,11,54
2017,3,3,4,5,46
2017,3,3,4,4,57
2017,3,3,4,4,42
2017,3,3,4,4,25
2017,3,3,4,10,23
2017,3,3,4,9,41
2017,3,2,3,10,27
2017,3,2,3,8,2
2017,3,2,3,9,32
2017,3,1,2,11,21
2017,2,28,1,11,48
2017,2,28,1,7,21
2017,2,28,1,11,7
2017,2,28,1,10,50
2017,2,27,0,12,1
2017,2,27,0,11,28
2017,2,27,0,9,41
2017,2,27,0,4,30
2017,2,27,0,4,7
2017,2,27,0,3,38
2017,2,25,5,13,35
2017,2,24,4,18,3
2017,2,24,4,17,17
2017,2,24,4,9,3
2017,2,24,4,9,1
2017,2,24,4,7,30
2017,2,24,4,6,44
2017,2,24,4,6,37
2017,2,24,4,6,32
2017,2,24,4,5,49
2017,2,24,4,5,48
2017,2,24,4,5,44
2017,2,24,4,5,43
2017,2,24,4,11,2
2017,2,24,4,11,2
2017,2,23,3,10,26
2017,2,23,3,16,14
2017,2,23,3,9,38
2017,2,23,3,9,35
2017,2,23,3,13,46
2017,2,22,2,8,23
2017,2,22,2,8,6
2017,2,22,2,5,33
2017,2,21,1,17,6
2017,2,21,1,11,2
2017,2,21,1,10,22
2017,2,21,1,15,29
2017,2,21,1,11,39
2017,2,21,1,4,4
2017,2,18,5,22,54
2017,2,17,4,8,28
2017,2,17,4,6,40
2017,2,16,3,14,0
2017,2,16,3,10,0
2017,2,15,2,19,15
2017,2,15,2,12,6
2017,2,15,2,12,0
2017,2,15,2,14,27
2017,2,15,2,11,45
2017,2,14,1,8,14
2017,2,14,1,7,22
2017,2,14,1,7,1
2017,2,14,1,11,7
2017,2,14,1,4,30
2017,2,14,1,4,29
2017,2,14,1,4,23
2017,2,14,1,4,18
2017,2,13,0,12,13
2017,2,13,0,12,6
2017,2,13,0,11,3
2017,2,13,0,10,59
2017,2,13,0,9,24
2017,2,13,0,9,24
2017,2,12,6,22,44
2017,2,10,4,9,37
2017,2,10,4,13,48
2017,2,10,4,7,1
2017,2,10,4,6,47
2017,2,10,4,6,46
2017,2,10,4,6,18
2017,2,10,4,11,51
2017,2,10,4,5,23
2017,2,10,4,10,15
2017,2,10,4,9,13
2017,2,9,3,13,56
2017,2,9,3,7,33
2017,2,9,3,7,23
2017,2,9,3,7,3
2017,2,9,3,5,47
2017,2,9,3,11,1
2017,2,9,3,4,13
2017,2,8,2,9,49
2017,2,8,2,9,43
2017,2,8,2,5,13
2017,2,8,2,10,45
2017,2,8,2,10,25
2017,2,8,2,10,14
2017,2,7,1,15,13
2017,2,7,1,14,39
2017,2,7,1,7,35
2017,2,7,1,7,31
2017,2,7,1,12,41
2017,2,7,1,5,17
2017,2,7,1,10,55
2017,2,7,1,10,0
2017,2,7,1,0,55
2017,2,7,1,0,54
2017,2,6,0,9,51
2017,2,6,0,15,42
2017,2,6,0,9,39
2017,2,6,0,15,36
2017,2,6,0,9,25
2017,2,6,0,5,25
2017,2,6,0,11,19
2017,2,6,0,10,16
2017,2,6,0,9,15
2017,2,6,0,9,15
2017,2,3,4,20,59
2017,2,3,4,11,23
2017,2,3,4,12,32
2017,2,2,3,12,46
2017,2,2,3,12,46
2017,2,2,3,10,47
2017,2,1,2,23,28
2017,2,1,2,21,24
2017,2,1,2,12,2
2017,2,1,2,10,39
2017,2,1,2,4,13
2017,2,1,2,9,55
2017,2,1,2,9,11
2017,1,31,1,6,52
2017,1,31,1,6,31
2017,1,31,1,6,21
2017,1,31,1,5,37
2017,1,31,1,5,14
2017,1,31,1,5,11
2017,1,31,1,5,8
2017,1,31,1,4,59
2017,1,31,1,4,58
2017,1,31,1,4,50
2017,1,31,1,4,47
2017,1,30,0,7,51
2017,1,30,0,13,28
2017,1,30,0,12,20
2017,1,30,0,11,19
2017,1,30,0,4,50
2017,1,27,4,12,46
2017,1,27,4,12,40
2017,1,27,4,9,51
2017,1,27,4,9,36
2017,1,27,4,9,3
2017,1,27,4,9,0
2017,1,27,4,14,55
2017,1,27,4,14,27
2017,1,27,4,13,16
2017,1,27,4,13,15
2017,1,27,4,7,7
2017,1,27,4,3,51
2017,1,27,4,3,35
2017,1,26,3,10,58
2017,1,26,3,16,19
2017,1,26,3,16,0
2017,1,26,3,12,29
2017,1,26,3,12,29
2017,1,26,3,12,1
2017,1,26,3,11,40
2017,1,26,3,11,9
2017,1,26,3,10,42
2017,1,26,3,10,34
2017,1,26,3,10,32
2017,1,26,3,10,28
2017,1,26,3,10,27
2017,1,25,2,17,33
2017,1,25,2,17,23
2017,1,25,2,15,27
2017,1,25,2,14,41
2017,1,25,2,13,18
2017,1,25,2,11,30
2017,1,25,2,11,28
2017,1,25,2,11,17
2017,1,25,2,10,3
2017,1,25,2,10,3
2017,1,24,1,16,38
2017,1,24,1,15,28
2017,1,24,1,14,8
2017,1,24,1,11,37
2017,1,24,1,11,1
2017,1,24,1,10,52
2017,1,24,1,10,49
2017,1,24,1,10,47
2017,1,24,1,10,46
2017,1,24,1,10,46
2017,1,24,1,10,42
2017,1,24,1,9,0
2017,1,23,0,11,17
2017,1,23,0,17,13
2017,1,23,0,16,23
2017,1,23,0,16,12
2017,1,23,0,16,10
2017,1,23,0,15,51
2017,1,23,0,4,21
2017,1,23,0,4,14
2017,1,22,6,11,33
2017,1,20,4,14,21
2017,1,20,4,5,59
2017,1,20,4,5,55
2017,1,20,4,9,6
2017,1,20,4,8,46
2017,1,19,3,15,37
2017,1,19,3,14,22
2017,1,19,3,14,20
2017,1,19,3,9,25
2017,1,19,3,8,18
2017,1,19,3,12,32
2017,1,19,3,12,4
2017,1,19,3,5,38
2017,1,19,3,5,28
2017,1,19,3,5,17
2017,1,19,3,4,51
2017,1,19,3,4,44
2017,1,19,3,4,27
2017,1,19,3,4,18
2017,1,19,3,8,23
2017,1,18,2,16,31
2017,1,18,2,9,18
2017,1,18,2,8,15
2017,1,18,2,3,13
2017,1,17,1,11,12
2017,1,17,1,14,3
2017,1,17,1,6,36
2017,1,17,1,6,20
2017,1,17,1,5,27
2017,1,17,1,4,54
2017,1,17,1,4,46
2017,1,13,4,14,1
2017,1,13,4,14,1
2017,1,13,4,6,25
2017,1,13,4,10,37
2017,1,13,4,10,37
2017,1,13,4,5,33
2017,1,13,4,9,54
2017,1,13,4,4,38
2017,1,13,4,4,24
2017,1,12,3,16,53
2017,1,12,3,16,41
2017,1,12,3,9,13
2017,1,12,3,13,55
2017,1,12,3,11,13
2017,1,12,3,10,8
2017,1,12,3,5,7
2017,1,12,3,4,54
2017,1,12,3,4,49
2017,1,12,3,4,45
2017,1,12,3,4,36
2017,1,11,2,15,23
2017,1,11,2,14,56
2017,1,11,2,13,58
2017,1,11,2,10,56
2017,1,11,2,10,53
2017,1,11,2,10,53
2017,1,11,2,10,32
2017,1,11,2,10,29
2017,1,11,2,10,27
2017,1,11,2,9,54
2017,1,11,2,8,3
2017,1,11,2,7,53
2017,1,11,2,5,45
2017,1,11,2,4,56
2017,1,10,1,19,10
2017,1,10,1,10,27
2017,1,10,1,10,10
2017,1,10,1,4,18
2017,1,9,0,7,8
2017,1,9,0,6,21
2017,1,9,0,6,18
2017,1,9,0,3,36
2017,1,9,0,8,18
2017,1,9,0,7,44
2017,1,8,6,10,1
2017,1,8,6,15,57
2017,1,8,6,15,52
2017,1,6,4,14,26
2017,1,6,4,14,26
2017,1,6,4,14,26
2017,1,6,4,14,22
2017,1,6,4,14,22
2017,1,6,4,14,22
2017,1,6,4,14,22
2017,1,6,4,14,22
2017,1,6,4,14,22
2017,1,6,4,14,22
2017,1,6,4,14,22
2017,1,6,4,10,37
2017,1,6,4,10,34
2017,1,6,4,10,32
2017,1,6,4,10,31
2017,1,6,4,10,15
2017,1,6,4,10,4
2017,1,6,4,9,56
2017,1,6,4,9,37
2017,1,6,4,3,29
2017,1,6,4,3,26
2017,1,5,3,10,42
2017,1,5,3,9,42
2017,1,5,3,9,41
2017,1,5,3,7,9
2017,1,5,3,6,58
2017,1,5,3,6,29
2017,1,5,3,6,26
2017,1,5,3,6,24
2017,1,4,2,9,4
2017,1,4,2,8,40
2017,1,4,2,8,39
2017,1,4,2,14,6
2017,1,4,2,6,54
2017,1,4,2,6,25
2017,1,4,2,6,4
2017,1,4,2,5,46
2017,1,4,2,5,28
2017,1,4,2,11,16
2017,1,4,2,4,48
2017,1,4,2,4,28
2017,1,3,1,11,10
2017,1,3,1,6,41
2017,1,3,1,5,52
2017,1,3,1,5,39
2017,1,3,1,10,14
2017,1,3,1,4,7
2016,12,31,5,9,58
2016,12,29,3,9,21
2016,12,29,3,8,17
2016,12,29,3,13,46
2016,12,28,2,16,45
2016,12,28,2,16,42
2016,12,23,4,4,47
2016,12,23,4,0,56
2016,12,22,3,10,45
2016,12,22,3,10,4
2016,12,22,3,9,19
2016,12,22,3,3,9
2016,12,20,1,11,34
2016,12,20,1,11,5
2016,12,20,1,5,54
2016,12,19,0,11,5
2016,12,19,0,10,31
2016,12,19,0,10,20
2016,12,19,0,10,9
2016,12,19,0,15,15
2016,12,19,0,14,39
2016,12,19,0,14,35
2016,12,19,0,14,30
2016,12,17,5,23,10
2016,12,17,5,23,10
2016,12,16,4,9,44
2016,12,16,4,9,38
2016,12,16,4,7,40
2016,12,16,4,7,14
2016,12,16,4,3,14
2016,12,14,2,7,46
2016,12,14,2,5,6
2016,12,14,2,4,54
2016,12,14,2,4,48
2016,12,13,1,10,49
2016,12,13,1,10,3
2016,12,13,1,8,44
2016,12,13,1,8,26
2016,12,13,1,6,20
2016,12,13,1,5,9
2016,12,13,1,4,14
2016,12,12,0,13,36
2016,12,12,0,12,47
2016,12,12,0,10,48
2016,12,12,0,9,44
2016,12,12,0,8,53
2016,12,12,0,7,25
2016,12,11,6,20,29
2016,12,11,6,14,31
2016,12,8,3,16,36
2016,12,8,3,16,30
2016,12,8,3,5,57
2016,12,8,3,10,11
2016,12,7,2,4,27
2016,12,7,2,3,56
2016,12,7,2,3,54
2016,12,6,1,11,3
2016,12,6,1,8,18
2016,12,6,1,8,15
2016,12,6,1,7,56
2016,12,6,1,13,16
2016,12,6,1,10,57
2016,12,6,1,3,50
2016,12,6,1,3,49
2016,12,5,0,11,0
2016,12,5,0,10,7
2016,12,5,0,6,38
2016,12,5,0,12,8
2016,12,5,0,5,14
2016,12,5,0,10,55
2016,12,5,0,4,15
2016,12,2,4,15,46
2016,12,2,4,15,44
2016,12,2,4,7,9
2016,12,2,4,5,6
2016,12,1,3,17,26
2016,12,1,3,8,59
2016,12,1,3,7,1
2016,12,1,3,4,9
2016,12,1,3,4,2
2016,12,1,3,3,54
2016,12,1,3,9,38
2016,12,1,3,9,28
2016,11,30,2,14,17
2016,11,30,2,13,53
2016,11,30,2,13,52
2016,11,30,2,13,10
2016,11,30,2,3,16
2016,11,29,1,15,30
2016,11,29,1,5,16
2016,11,29,1,5,15
2016,11,29,1,5,3
2016,11,29,1,4,41
2016,11,28,0,11,10
2016,11,28,0,7,1
2016,11,28,0,5,58
2016,11,28,0,11,48
2016,11,28,0,4,55
2016,11,23,2,5,14
2016,11,23,2,4,51
2016,11,22,1,14,21
2016,11,22,1,15,56
2016,11,22,1,14,50
2016,11,22,1,14,2
2016,11,22,1,7,20
2016,11,21,0,13,3
2016,11,21,0,9,42
2016,11,21,0,15,15
2016,11,21,0,8,32
2016,11,21,0,4,49
2016,11,19,5,19,46
2016,11,19,5,19,45
2016,11,19,5,19,44
2016,11,19,5,15,55
2016,11,19,5,9,54
2016,11,18,4,10,7
2016,11,18,4,9,22
2016,11,18,4,15,9
2016,11,18,4,9,1
2016,11,18,4,5,55
2016,11,18,4,5,46
2016,11,18,4,11,2
2016,11,18,4,10,56
2016,11,18,4,10,34
2016,11,18,4,10,33
2016,11,17,3,8,12
2016,11,17,3,13,39
2016,11,17,3,7,15
2016,11,17,3,6,10
2016,11,16,2,11,22
2016,11,16,2,16,44
2016,11,16,2,15,56
2016,11,16,2,8,49
2016,11,16,2,9,17
2016,11,16,2,9,5
2016,11,15,1,16,0
2016,11,15,1,15,55
2016,11,15,1,16,56
2016,11,15,1,13,11
2016,11,15,1,11,32
2016,11,15,1,5,16
2016,11,15,1,11,12
2016,11,15,1,4,12
2016,11,15,1,4,5
2016,11,15,1,4,1
2016,11,15,1,3,58
2016,11,15,1,3,54
2016,11,15,1,3,53
2016,11,15,1,9,34
2016,11,15,1,9,34
2016,11,14,0,11,53
2016,11,14,0,11,52
2016,11,14,0,11,35
2016,11,14,0,9,19
2016,11,14,0,8,25
2016,11,14,0,8,17
2016,11,14,0,8,6
2016,11,14,0,7,52
2016,11,14,0,7,35
2016,11,14,0,5,29
2016,11,14,0,5,25
2016,11,14,0,3,46
2016,11,10,3,17,31
2016,11,10,3,17,29
2016,11,10,3,16,33
2016,11,10,3,16,31
2016,11,10,3,16,0
2016,11,10,3,15,59
2016,11,10,3,9,11
2016,11,10,3,7,54
2016,11,10,3,13,9
2016,11,9,2,11,14
2016,11,9,2,10,47
2016,11,9,2,7,30
2016,11,9,2,6,51
2016,11,9,2,6,27
2016,11,9,2,6,26
2016,11,9,2,6,22
2016,11,9,2,6,14
2016,11,9,2,5,47
2016,11,9,2,5,44
2016,11,9,2,5,16
2016,11,9,2,4,37
2016,11,9,2,4,31
2016,11,9,2,10,14
2016,11,9,2,10,14
2016,11,9,2,4,14
2016,11,9,2,4,10
2016,11,8,1,9,32
2016,11,8,1,8,23
2016,11,8,1,8,14
2016,11,8,1,4,53
2016,11,8,1,4,35
2016,11,8,1,4,33
2016,11,8,1,10,23
2016,11,7,0,11,12
2016,11,7,0,16,20
2016,11,7,0,12,8
2016,11,7,0,12,8
2016,11,6,6,8,51
2016,11,6,6,14,25
2016,11,6,6,8,24
2016,11,6,6,14,12
2016,11,4,4,15,0
2016,11,4,4,11,16
2016,11,4,4,5,42
2016,11,4,4,10,7
2016,11,4,4,5,6
2016,11,3,3,22,28
2016,11,3,3,9,24
2016,11,3,3,7,6
2016,11,3,3,6,54
2016,11,3,3,6,51
2016,11,2,2,17,9
2016,11,2,2,15,5
2016,11,2,2,15,5
2016,11,2,2,8,5
2016,11,2,2,7,53
2016,11,2,2,10,39
2016,11,1,1,12,2
2016,11,1,1,16,31
2016,11,1,1,11,24
2016,11,1,1,10,55
2016,11,1,1,8,40
2016,11,1,1,8,33
2016,11,1,1,8,27
2016,11,1,1,5,43
2016,11,1,1,5,34
2016,11,1,1,5,17
2016,11,1,1,10,12
2016,11,1,1,5,8
2016,11,1,1,4,52
2016,10,31,0,9,17
2016,10,31,0,9,14
2016,10,31,0,8,11
2016,10,31,0,6,58
2016,10,31,0,6,56
2016,10,31,0,6,32
2016,10,31,0,5,33
2016,10,31,0,5,27
2016,10,31,0,5,23
2016,10,31,0,5,19
2016,10,28,4,22,5
2016,10,28,4,13,6
2016,10,28,4,12,23
2016,10,28,4,8,20
2016,10,28,4,6,13
2016,10,28,4,6,12
2016,10,28,4,6,10
2016,10,28,4,6,7
2016,10,28,4,6,6
2016,10,28,4,6,5
2016,10,28,4,11,2
2016,10,28,4,5,41
2016,10,28,4,5,40
2016,10,28,4,10,27
2016,10,27,3,16,52
2016,10,27,3,16,21
2016,10,27,3,12,1
2016,10,27,3,15,42
2016,10,27,3,7,56
2016,10,27,3,12,48
2016,10,27,3,12,48
2016,10,27,3,12,48
2016,10,27,3,12,48
2016,10,27,3,7,40
2016,10,27,3,7,29
2016,10,27,3,7,27
2016,10,27,3,7,24
2016,10,27,3,5,38
2016,10,26,2,10,39
2016,10,26,2,10,37
2016,10,26,2,10,35
2016,10,26,2,10,22
2016,10,26,2,10,19
2016,10,26,2,9,40
2016,10,26,2,9,39
2016,10,26,2,9,36
2016,10,26,2,9,34
2016,10,26,2,9,33
2016,10,26,2,9,31
2016,10,26,2,8,55
2016,10,26,2,8,28
2016,10,26,2,12,28
2016,10,26,2,7,18
2016,10,26,2,6,10
2016,10,26,2,5,35
2016,10,26,2,10,34
2016,10,26,2,5,33
2016,10,26,2,5,25
2016,10,26,2,5,22
2016,10,25,1,12,56
2016,10,25,1,12,46
2016,10,25,1,12,38
2016,10,25,1,12,32
2016,10,25,1,12,29
2016,10,25,1,12,28
2016,10,25,1,12,9
2016,10,25,1,11,59
2016,10,25,1,11,46
2016,10,25,1,11,43
2016,10,25,1,8,50
2016,10,25,1,12,18
2016,10,25,1,6,49
2016,10,25,1,5,59
2016,10,25,1,5,42
2016,10,25,1,5,39
2016,10,25,1,10,34
2016,10,25,1,10,32
2016,10,25,1,10,32
2016,10,25,1,5,27
2016,10,25,1,5,26
2016,10,25,1,5,24
2016,10,25,1,10,12
2016,10,25,1,9,24
2016,10,24,0,13,21
2016,10,24,0,13,21
2016,10,24,0,13,20
2016,10,24,0,13,12
2016,10,24,0,13,1
2016,10,24,0,7,5
2016,10,24,0,7,2
2016,10,24,0,4,12
2016,10,21,4,13,26
2016,10,21,4,12,59
2016,10,21,4,12,58
2016,10,21,4,14,58
2016,10,21,4,6,22
2016,10,21,4,10,52
2016,10,21,4,10,52
2016,10,21,4,5,6
2016,10,20,3,17,48
2016,10,20,3,12,23
2016,10,20,3,10,12
2016,10,20,3,8,53
2016,10,20,3,7,26
2016,10,19,2,17,36
2016,10,19,2,13,26
2016,10,19,2,8,49
2016,10,19,2,5,38
2016,10,19,2,5,24
2016,10,18,1,16,33
2016,10,18,1,16,32
2016,10,18,1,10,5
2016,10,18,1,15,2
2016,10,18,1,12,45
2016,10,18,1,7,2
2016,10,18,1,11,37
2016,10,18,1,6,27
2016,10,18,1,6,24
2016,10,18,1,10,55
2016,10,18,1,5,4
2016,10,17,0,18,36
2016,10,17,0,16,1
2016,10,17,0,10,11
2016,10,17,0,9,13
2016,10,17,0,13,21
2016,10,17,0,11,42
2016,10,14,4,18,10
2016,10,14,4,16,14
2016,10,14,4,6,51
2016,10,13,3,23,37
2016,10,13,3,9,59
2016,10,12,2,21,38
2016,10,12,2,16,12
2016,10,11,1,10,55
2016,10,11,1,10,1
2016,10,7,4,13,51
2016,10,7,4,8,5
2016,10,7,4,7,39
2016,10,7,4,7,22
2016,10,7,4,7,19
2016,10,7,4,7,16
2016,10,7,4,11,17
2016,10,7,4,10,4
2016,10,7,4,10,4
2016,10,7,4,4,54
2016,10,6,3,14,6
2016,10,6,3,13,57
2016,10,6,3,13,56
2016,10,6,3,15,51
2016,10,6,3,9,59
2016,10,6,3,9,40
2016,10,6,3,6,58
2016,10,6,3,11,37
2016,10,6,3,6,5
2016,10,6,3,6,3
2016,10,6,3,5,53
2016,10,5,2,17,30
2016,10,5,2,11,53
2016,10,5,2,11,46
2016,10,5,2,11,31
2016,10,5,2,10,54
2016,10,5,2,15,23
2016,10,5,2,10,8
2016,10,5,2,9,8
2016,10,5,2,8,29
2016,10,5,2,12,56
2016,10,5,2,11,54
2016,10,5,2,6,49
2016,10,5,2,5,58
2016,10,5,2,5,54
2016,10,5,2,5,53
2016,10,5,2,10,19
2016,10,5,2,10,19
2016,10,5,2,3,11
2016,10,4,1,22,56
2016,10,4,1,22,55
2016,10,4,1,22,55
2016,10,4,1,22,55
2016,10,4,1,9,42
2016,10,4,1,9,28
2016,10,4,1,9,15
2016,10,4,1,11,44
2016,10,4,1,10,9
2016,10,3,0,16,17
2016,10,3,0,15,15
2016,9,30,4,13,10
2016,9,30,4,12,54
2016,9,30,4,12,40
2016,9,30,4,11,34
2016,9,29,3,14,55
2016,9,29,3,14,32
2016,9,29,3,13,42
2016,9,29,3,13,36
2016,9,29,3,13,36
2016,9,29,3,13,36
2016,9,29,3,13,11
2016,9,29,3,12,7
2016,9,29,3,12,7
2016,9,28,2,15,32
2016,9,28,2,14,14
2016,9,28,2,13,8
2016,9,28,2,12,44
2016,9,28,2,12,34
2016,9,28,2,10,1
2016,9,27,1,13,46
2016,9,27,1,13,36
2016,9,27,1,13,34
2016,9,27,1,11,8
2016,9,27,1,9,30
2016,9,26,0,16,19
2016,9,26,0,14,48
2016,9,26,0,11,42
2016,9,26,0,11,25
2016,9,23,4,20,53
2016,9,23,4,13,48
2016,9,23,4,8,47
2016,9,23,4,13,40
2016,9,23,4,4,24
2016,9,22,3,14,11
2016,9,22,3,8,13
2016,9,22,3,5,37
2016,9,22,3,10,7
2016,9,22,3,5,6
2016,9,21,2,20,45
2016,9,21,2,13,23
2016,9,21,2,9,42
2016,9,21,2,7,15
2016,9,21,2,5,10
2016,9,21,2,5,9
2016,9,21,2,5,8
2016,9,21,2,5,6
2016,9,20,1,19,42
2016,9,20,1,9,26
2016,9,20,1,11,58
2016,9,20,1,11,47
2016,9,20,1,11,46
2016,9,20,1,6,31
2016,9,20,1,5,28
2016,9,20,1,10,22
2016,9,19,0,15,36
2016,9,19,0,15,36
2016,9,19,0,15,25
2016,9,19,0,15,24
2016,9,19,0,15,24
2016,9,19,0,15,24
2016,9,19,0,15,24
2016,9,19,0,10,10
2016,9,19,0,14,17
2016,9,19,0,13,6
2016,9,19,0,12,5
2016,9,19,0,11,25
2016,9,19,0,10,35
2016,9,19,0,10,0
2016,9,19,0,10,0
2016,9,19,0,10,0
2016,9,19,0,10,0
2016,9,19,0,5,0
2016,9,16,4,12,20
2016,9,16,4,14,45
2016,9,16,4,9,37
2016,9,16,4,13,46
2016,9,16,4,7,39
2016,9,16,4,7,37
2016,9,16,4,7,34
2016,9,16,4,5,23
2016,9,16,4,4,59
2016,9,15,3,18,54
2016,9,15,3,18,54
2016,9,15,3,18,54
2016,9,15,3,18,54
2016,9,15,3,18,54
2016,9,15,3,18,54
2016,9,15,3,18,54
2016,9,15,3,18,54
2016,9,15,3,18,54
2016,9,15,3,18,53
2016,9,15,3,18,50
2016,9,15,3,18,45
2016,9,15,3,10,55
2016,9,15,3,10,55
2016,9,15,3,10,55
2016,9,15,3,10,53
2016,9,15,3,5,17
2016,9,14,2,12,12
2016,9,14,2,10,45
2016,9,14,2,9,36
2016,9,14,2,12,44
2016,9,14,2,10,22
2016,9,14,2,5,10
2016,9,14,2,10,3
2016,9,14,2,10,3
2016,9,14,2,10,3
2016,9,14,2,10,2
2016,9,14,2,10,2
2016,9,14,2,10,1
2016,9,14,2,10,1
2016,9,13,1,17,22
2016,9,13,1,11,26
2016,9,13,1,6,31
2016,9,12,0,16,18
2016,9,12,0,16,18
2016,9,12,0,16,18
2016,9,12,0,16,18
2016,9,12,0,12,53
2016,9,12,0,11,19
2016,9,12,0,11,11
2016,9,12,0,10,11
2016,9,8,3,15,21
2016,9,8,3,16,35
2016,9,8,3,16,9
2016,9,8,3,11,1
2016,9,8,3,15,0
2016,9,8,3,9,32
2016,9,8,3,13,51
2016,9,8,3,8,43
2016,9,8,3,12,21
2016,9,8,3,9,30
2016,9,8,3,9,5
2016,9,7,2,15,45
2016,9,7,2,14,17
2016,9,7,2,9,3
2016,9,7,2,7,45
2016,9,7,2,7,42
2016,9,7,2,12,30
2016,9,7,2,7,27
2016,9,7,2,11,53
2016,9,7,2,6,32
2016,9,7,2,1,13
2016,9,6,1,14,6
2016,9,6,1,13,55
2016,9,6,1,12,6
2016,9,6,1,9,42
2016,9,6,1,9,42
2016,9,6,1,9,42
2016,9,2,4,21,14
2016,9,2,4,8,59
2016,9,2,4,8,32
2016,9,2,4,8,2
2016,9,2,4,8,0
2016,9,2,4,12,28
2016,9,2,4,5,23
2016,9,2,4,5,18
2016,9,2,4,5,18
2016,9,2,4,10,15
2016,9,2,4,8,51
2016,9,1,3,12,28
2016,9,1,3,10,50
2016,9,1,3,15,39
2016,9,1,3,9,2
2016,9,1,3,8,55
2016,9,1,3,8,53
2016,9,1,3,8,31
2016,9,1,3,7,55
2016,9,1,3,5,25
2016,9,1,3,5,20
2016,8,31,2,22,50
2016,8,31,2,18,29
2016,8,31,2,11,52
2016,8,31,2,15,28
2016,8,31,2,10,16
2016,8,31,2,15,13
2016,8,31,2,14,38
2016,8,31,2,14,11
2016,8,31,2,14,3
2016,8,31,2,14,1
2016,8,31,2,7,56
2016,8,31,2,12,39
2016,8,31,2,7,37
2016,8,31,2,6,3
2016,8,31,2,10,23
2016,8,31,2,5,23
2016,8,31,2,10,20
2016,8,31,2,9,55
2016,8,30,1,17,20
2016,8,30,1,16,31
2016,8,30,1,11,4
2016,8,30,1,10,53
2016,8,30,1,8,12
2016,8,30,1,6,56
2016,8,30,1,10,54
2016,8,30,1,5,54
2016,8,30,1,10,36
2016,8,29,0,15,10
2016,8,29,0,12,9
2016,8,29,0,15,37
2016,8,29,0,14,45
2016,8,29,0,6,1
2016,8,29,0,5,59
2016,8,29,0,5,22
2016,8,29,0,9,56
2016,8,26,4,16,28
2016,8,26,4,11,23
2016,8,26,4,9,14
2016,8,26,4,9,11
2016,8,26,4,12,4
2016,8,26,4,11,47
2016,8,26,4,6,30
2016,8,26,4,9,49
2016,8,25,3,11,29
2016,8,25,3,11,27
2016,8,25,3,11,27
2016,8,25,3,11,27
2016,8,25,3,11,26
2016,8,25,3,10,33
2016,8,25,3,5,1
2016,8,25,3,10,0
2016,8,25,3,10,0
2016,8,25,3,4,57
2016,8,24,2,13,14
2016,8,24,2,13,2
2016,8,24,2,12,33
2016,8,24,2,12,17
2016,8,24,2,16,33
2016,8,24,2,16,32
2016,8,24,2,16,32
2016,8,24,2,16,32
2016,8,24,2,16,32
2016,8,24,2,16,32
2016,8,24,2,11,31
2016,8,24,2,11,29
2016,8,24,2,10,12
2016,8,24,2,15,3
2016,8,24,2,9,54
2016,8,24,2,6,42
2016,8,24,2,10,56
2016,8,24,2,5,53
2016,8,24,2,5,0
2016,8,24,2,4,59
2016,8,24,2,9,49
2016,8,23,1,10,32
2016,8,23,1,7,3
2016,8,23,1,12,3
2016,8,23,1,6,7
2016,8,22,0,11,39
2016,8,22,0,11,3
2016,8,22,0,15,18
2016,8,22,0,14,57
2016,8,22,0,9,28
2016,8,22,0,7,3
2016,8,22,0,12,54
2016,8,22,0,6,46
2016,8,22,0,6,42
2016,8,22,0,11,28
2016,8,22,0,6,24
2016,8,22,0,6,23
2016,8,22,0,6,21
2016,8,22,0,5,39
2016,8,22,0,9,59
2016,8,20,5,19,21
2016,8,20,5,19,21
2016,8,18,3,8,55
2016,8,18,3,9,44
2016,8,18,3,9,44
2016,8,17,2,12,48
2016,8,17,2,12,48
2016,8,17,2,12,34
2016,8,17,2,6,23
2016,8,16,1,12,55
2016,8,16,1,12,52
2016,8,16,1,15,4
2016,8,16,1,13,14
2016,8,16,1,13,14
2016,8,16,1,13,14
2016,8,16,1,13,14
2016,8,16,1,5,51
2016,8,16,1,5,50
2016,8,16,1,10,44
2016,8,16,1,5,29
2016,8,15,0,12,50
2016,8,15,0,6,25
2016,8,15,0,5,26
2016,8,11,3,11,8
2016,8,11,3,16,8
2016,8,11,3,8,51
2016,8,11,3,11,10
2016,8,9,1,13,1
2016,8,9,1,6,12
2016,8,9,1,5,49
2016,8,9,1,10,38
2016,8,9,1,1,2
2016,8,8,0,12,36
2016,8,8,0,10,51
2016,8,8,0,10,42
2016,8,8,0,10,36
2016,8,8,0,10,17
2016,8,8,0,9,42
2016,8,8,0,9,26
2016,8,8,0,6,35
2016,8,8,0,5,22
2016,8,8,0,5,18
2016,8,5,4,14,10
2016,8,5,4,13,56
2016,8,5,4,13,53
2016,8,5,4,13,52
2016,8,5,4,8,44
2016,8,5,4,11,59
2016,8,5,4,11,50
2016,8,5,4,8,40
2016,8,4,3,17,11
2016,8,4,3,10,39
2016,8,4,3,5,18
2016,8,3,2,16,24
2016,8,3,2,16,23
2016,8,3,2,10,45
2016,8,3,2,10,42
2016,8,3,2,9,39
2016,8,3,2,9,32
2016,8,3,2,5,41
2016,8,2,1,16,55
2016,8,2,1,16,49
2016,8,2,1,15,57
2016,8,2,1,15,51
2016,8,2,1,15,51
2016,8,2,1,5,48
2016,8,2,1,10,20
2016,8,2,1,9,39
2016,8,2,1,9,38
2016,8,1,0,19,2
2016,8,1,0,10,20
2016,8,1,0,15,17
2016,8,1,0,10,4
2016,8,1,0,14,41
2016,8,1,0,8,9
2016,8,1,0,12,48
2016,8,1,0,12,18
2016,8,1,0,6,40
2016,8,1,0,6,38
2016,8,1,0,6,29
2016,8,1,0,6,17
2016,8,1,0,6,11
2016,8,1,0,9,35
2016,8,1,0,9,0
2016,7,29,4,10,15
2016,7,29,4,10,2
2016,7,29,4,13,50
2016,7,29,4,8,32
2016,7,29,4,8,2
2016,7,29,4,13,1
2016,7,29,4,6,37
2016,7,29,4,6,11
2016,7,29,4,5,25
2016,7,29,4,4,59
2016,7,29,4,4,41
2016,7,29,4,9,34
2016,7,29,4,4,33
2016,7,28,3,9,41
2016,7,28,3,5,59
2016,7,28,3,4,47
2016,7,27,2,14,20
2016,7,27,2,11,41
2016,7,26,1,14,22
2016,7,26,1,13,56
2016,7,26,1,13,43
2016,7,26,1,13,43
2016,7,26,1,12,47
2016,7,26,1,10,34
2016,7,26,1,4,13
2016,7,25,0,15,13
2016,7,25,0,10,3
2016,7,25,0,13,41
2016,7,25,0,8,40
2016,7,19,1,11,2
2016,7,18,0,12,21
