timestamp,offset
1504309249,-300
1504302406,-300
1504294128,-300
1504216956,-300
1504200580,-300
1504195359,-300
1504191455,-300
1504133147,-300
1504120455,-300
1504118688,-300
1504105685,-300
1504054816,-300
1504054116,-300
1504019207,-300
1503972107,-300
1503971508,-300
1503962132,-300
1503932673,-300
1503880391,-300
1503880363,-300
1503875382,-300
1503875359,-300
1503875317,-300
1503862362,-300
1503862196,-300
1503857822,-300
1503784277,-300
1503782088,-300
1503781012,-300
1503778957,-300
1503777977,-300
1503775451,-300
1503705691,-300
1503700988,-300
1503671136,-300
1503628063,-300
1503624932,-300
1503623420,-300
1503623408,-300
1503616548,-300
1503607722,-300
1503599171,-300
1503595838,-300
1503587317,-300
1503546002,-300
1503540093,-300
1503532059,-300
1503511246,-300
1503507832,-300
1503500846,-300
1503438661,-300
1503414657,-300
1503355542,-300
1503351377,-300
1503327967,-300
1503287361,-300
1503286203,-300
1503277765,-300
1503274728,-300
1503267758,-300
1503263624,-300
1503249007,-300
1503185683,-300
1503182862,-300
1503179454,-300
1503176706,-300
1503172084,-300
1503169863,-300
1503167503,-300
1503167387,-300
1503094107,-300
1503079584,-300
1503075456,-300
1503068659,-300
1503013175,-300
1502982414,-300
1502925275,-300
1502920833,-300
1502918191,-300
1502915489,-300
1502915465,-300
1502914028,-300
1502845201,-300
1502843654,-300
1502837350,-300
1502835828,-300
1502809513,-300
1502760866,-300
1502759062,-300
1502749322,-300
1502749136,-300
1502723028,-300
1502660898,-300
1502657365,-300
1502609560,-300
1502608382,-300
1502608191,-300
1502600714,-300
1502518747,-300
1502511019,-300
1502509478,-300
1502508375,-300
1502498966,-300
1502498043,-300
1502498011,-300
1502488851,-300
1502476051,-300
1502475044,-300
1502471139,-300
1502464416,-300
1502412697,-300
1502402210,-300
1502401872,-300
1502395705,-300
1502391841,-300
1502387679,-300
1502384340,-300
1502377573,-300
1502328506,-300
1502327070,-300
1502321641,-300
1502320269,-300
1502319739,-300
1502316449,-300
1502291238,-300
1502231014,-300
1502208390,-300
1502197755,-300
1502155171,-300
1502130177,-300
1502128795,-300
1502122497,-300
1502115453,-300
1502064986,-300
1502062461,-300
1502058789,-300
1501984010,-300
1501974712,-300
1501971045,-300
1501964748,-300
1501964411,-300
1501964071,-300
1501961123,-300
1501959693,-300
1501897985,-300
1501890901,-300
1501887307,-300
1501884037,-300
1501858962,-300
1501802991,-300
1501797500,-300
1501772206,-300
1501729226,-300
1501729215,-300
1501710834,-300
1501686122,-300
1501629494,-300
1501553772,-300
1501553324,-300
1501550590,-300
1501549255,-300
1501540704,-300
1501513050,-300
1501459007,-300
1501458339,-300
1501362108,-300
1501358378,-300
1501273806,-300
1501217138,-300
1501213656,-300
1501209431,-300
1501204262,-300
1501194140,-300
1501167849,-300
1501099263,-300
1501081372,-300
1501038703,-300
1501033870,-300
1501031130,-300
1501021842,-300
1501011691,-300
1500950114,-300
1500856240,-300
1500855202,-300
1500837567,-300
1500834617,-300
1500832073,-300
1500770606,-300
1500767988,-300
1500761290,-300
1500756237,-300
1500703700,-300
1500702168,-300
1500693905,-300
1500683756,-300
1500676187,-300
1500649991,-300
1500504716,-300
1500484074,-300
1500478334,-300
1500425212,-300
1500420151,-300
1500417179,-300
1500391175,-300
1500332132,-300
1500304251,-300
1500255215,-300
1500245695,-300
1500232451,-300
1500232090,-300
1500179423,-300
1500173164,-300
1500172960,-300
1500163980,-300
1500163582,-300
1500083834,-300
1500083038,-300
1500073200,-300
1500045005,-300
1499984432,-300
1499983810,-300
1499959531,-300
1499907223,-300
1499903848,-300
1499899768,-300
1499886539,-300
1499868355,-300
1499834902,-300
1499825761,-300
1499822778,-300
1499781435,-300
1499747974,-300
1499738335,-300
1499727330,-300
1499700312,-300
1499699619,-300
1499663018,-300
1499662783,-300
1499644346,-300
1499641533,-300
1499640643,-300
1499640316,-300
1499636849,-300
1499572241,-300
1499559637,-300
1499553378,-300
1499549702,-300
1499549262,-300
1499492502,-300
1499472574,-300
1499470162,-300
1499465159,-300
1499440441,-300
1499381328,-300
1499354249,-300
1499310418,-300
1499306816,-300
1499295448,-300
1499266818,-300
1499234249,-300
1499229467,-300
1499216467,-300
1499202668,-300
1499195381,-300
1499140484,-300
1499128582,-300
1499122904,-300
1499045905,-300
1499044452,-300
1499031565,-300
1498976040,-300
1498965632,-300
1498961452,-300
1498960701,-300
1498946004,-300
1498945990,-300
1498944658,-300
1498944598,-300
1498944045,-300
1498860985,-300
1498787890,-300
1498787700,-300
1498706845,-300
1498697280,-300
1498690795,-300
1498687762,-300
1498684797,-300
1498676249,-300
1498672914,-300
1498670900,-300
1498670712,-300
1498663325,-300
1498618720,-300
1498618398,-300
1498617291,-300
1498601448,-300
1498600927,-300
1498600646,-300
1498576640,-300
1498535527,-300
1498534982,-300
1498525817,-300
1498521449,-300
1498518487,-300
1498486955,-300
1498454380,-300
1498454341,-300
1498442248,-300
1498438454,-300
1498433417,-300
1498424526,-300
1498423979,-300
1498420583,-300
1498373137,-300
1498371291,-300
1498355111,-300
1498350905,-300
1498350182,-300
1498345902,-300
1498344157,-300
1498342029,-300
1498341616,-300
1498341149,-300
1498328035,-300
1498327527,-300
1498274393,-300
1498274382,-300
1498271573,-300
1498264592,-300
1498249084,-300
1498243181,-300
1498189136,-300
1498173796,-300
1498142396,-300
1498140457,-300
1498088756,-300
1498088435,-300
1498087988,-300
1498086428,-300
1498058173,-300
1497993245,-300
1497973245,-300
1497914981,-300
1497885447,-300
1497847303,-300
1497846600,-300
1497845143,-300
1497821260,-300
1497813403,-300
1497749555,-300
1497743058,-300
1497723051,-300
1497708780,-300
1497673278,-300
1497667929,-300
1497661812,-300
1497659015,-300
1497656457,-300
1497653938,-300
1497653751,-300
1497650359,-300
1497647980,-300
1497587498,-300
1497576613,-300
1497573363,-300
1497563200,-300
1497554284,-300
1497552437,-300
1497540033,-300
1497482271,-300
1497481994,-300
1497455648,-300
1497393696,-300
1497368007,-300
1497309169,-300
1497276288,-300
1497243144,-300
1497239946,-300
1497226659,-420
1497214977,-420
1497214459,-420
1497162952,-420
1497149326,-420
1497142151,-420
1497132886,-420
1497132759,-420
1497127254,-420
1497126195,-420
1497126124,-420
1497080224,-420
1497076955,-420
1497071493,-420
1497069577,-420
1497066988,-420
1497050468,-300
1497050444,-300
1497041505,-300
1497020847,-300
1496980933,-300
1496971165,-300
1496965865,-300
1496965767,-300
1496964708,-300
1496937219,-300
1496877694,-300
1496848395,-300
1496805789,-300
1496796807,-300
1496793888,-300
1496762476,-300
1496701043,-300
1496698708,-300
1496697109,-300
1496675725,-300
1496637706,-300
1496632650,-300
1496620848,-360
1496619973,-360
1496613045,-360
1496610850,-360
1496606165,-360
1496604836,-360
1496603933,-360
1496603920,-360
1496599696,-360
1496562312,-360
1496552395,-360
1496550848,-360
1496547617,-360
1496543597,-360
1496527986,-360
1496521966,-360
1496516135,-360
1496510205,-360
1496473381,-360
1496469034,-360
1496459950,-300
1496458233,-300
1496451365,-300
1496451364,-300
1496449075,-300
1496447007,-300
1496445690,-300
1496444942,-300
1496439154,-300
1496412371,-300
1496372129,-300
1496367654,-300
1496364498,-300
1496364211,-300
1496361344,-300
1496360568,-300
1496360543,-300
1496357581,-300
1496329714,-300
1496282822,-300
1496278146,-300
1496272149,-300
1496244308,-300
1496205408,-300
1496193624,-300
1496190722,-300
1496186969,-300
1496166691,-300
1496165724,-300
1496164570,-300
1496157461,-300
1496113593,-300
1496107457,-300
1496102712,-300
1496097527,-300
1496093374,-300
1496079287,-300
1496026179,-300
1496025435,-300
1496013893,-300
1496011580,-300
1496011035,-300
1496010685,-300
1496010197,-300
1496010172,-300
1496008064,-300
1496007165,-300
1496005477,-300
1496004181,-300
1496003900,-300
1496002609,-300
1496002340,-300
1496002330,-300
1495997816,-300
1495927199,-300
1495918980,-300
1495912805,-300
1495909089,-300
1495857343,-300
1495857153,-300
1495850982,-300
1495850199,-300
1495658566,-300
1495656013,-300
1495653392,-300
1495647314,-300
1495572614,-300
1495567444,-300
1495494145,-300
1495468321,-300
1495424933,-300
1495415798,-300
1495413478,-300
1495342020,-300
1495326671,-300
1495324872,-300
1495320929,-300
1495265430,-300
1495261688,-300
1495249649,-300
1495235477,-300
1495233446,-300
1495208014,-300
1495153181,-300
1495142557,-300
1495142522,-300
1495142448,-300
1495138970,-300
1495117480,-300
1495074767,-300
1495071049,-300
1495068985,-300
1495061505,-300
1495035315,-300
1494990495,-300
1494982320,-300
1494901338,-300
1494900510,-300
1494889909,-300
1494889385,-300
1494821586,-300
1494802052,-300
1494797132,-300
1494793536,-300
1494790609,-300
1494790163,-300
1494784904,-300
1494726289,-300
1494723868,-300
1494721845,-300
1494715297,-300
1494714634,-300
1494713036,-300
1494709565,-300
1494704250,-300
1494697138,-300
1494694385,-300
1494629208,-300
1494604057,-300
1494558744,-300
1494554038,-300
1494552365,-300
1494545772,-300
1494514185,-300
1494461288,-300
1494460099,-300
1494429890,-300
1494394751,-300
1494374434,-300
1494374033,-300
1494283704,-300
1494257803,-300
1494220911,-300
1494220629,-300
1494196800,-300
1494196610,-300
1494125979,-300
1494115628,-300
1494113094,-300
1494110678,-300
1494108790,-300
1494107275,-300
1494101873,-300
1494046904,-300
1494028101,-300
1494020867,-300
1493997985,-300
1493940327,-300
1493911057,-300
1493767257,-300
1493737638,-300
1493680798,-300
1493651831,-300
1493592764,-300
1493586544,-300
1493586022,-300
1493581935,-300
1493562807,-240
1493528027,-240
1493514280,-240
1493508350,-240
1493500033,-240
1493498898,-240
1493495419,-240
1493488234,-240
1493450192,-240
1493445113,-240
1493432600,-240
1493431472,-240
1493428520,-240
1493422029,-240
1493417601,-240
1493412519,-240
1493411599,-240
1493409151,-240
1493405710,-240
1493404701,-240
1493364844,-240
1493358045,-240
1493345256,-240
1493333120,-240
1493325722,-240
1493322751,-240
1493318471,-240
1493317519,-240
1493316665,-240
1493313231,-240
1493303996,-240
1493265054,-240
1493265026,-240
1493259215,-240
1493254783,-240
1493246882,-240
1493241724,-240
1493222594,-300
1493160822,-300
1493133531,-300
1493076433,-300
1493046718,-300
1493000216,-300
1492993740,-300
1492988575,-300
1492925346,-300
1492924691,-300
1492924395,-300
1492918003,-300
1492903477,-300
1492898568,-300
1492895298,-300
1492894930,-300
1492894915,-300
1492891953,-300
1492890145,-300
1492823418,-300
1492814568,-300
1492799544,-300
1492799350,-300
1492794221,-300
1492787624,-300
1492727820,-300
1492700569,-300
1492652302,-300
1492651731,-300
1492651442,-300
1492643565,-300
1492614406,-300
1492558381,-300
1492528386,-300
1492525621,-300
1492473879,-300
1492468555,-300
1492442020,-300
1492400534,-300
1492396627,-300
1492386427,-300
1492373272,-300
1492368810,-300
1492366826,-300
1492291432,-300
1492290393,-300
1492289517,-300
1492202439,-300
1492182231,-300
1492117169,-300
1492096259,-300
1492038877,-300
1492012364,-300
1491956552,-300
1491949600,-300
1491947493,-300
1491923265,-300
1491881681,-300
1491872928,-300
1491867203,-300
1491849467,-300
1491835160,-300
1491790587,-300
1491787995,-300
1491778501,-300
1491772783,-300
1491769269,-300
1491762178,-300
1491698394,-300
1491683150,-300
1491627441,-300
1491600320,-300
1491579310,-300
1491577594,-300
1491500044,-300
1491498791,-300
1491496466,-300
1491495611,-300
1491448584,-300
1491444921,-300
1491433502,-300
1491404704,-300
1491347598,-300
1491318442,-300
1491263654,-300
1491261778,-300
1491230766,-300
1491230747,-300
1491186370,-300
1491171457,-300
1491170343,-300
1491121514,-300
1491118334,-300
1491103615,-420
1491092595,-420
1491091715,-420
1491090482,-420
1491003372,-420
1491001978,-420
1490996973,-420
1490913974,-420
1490910643,-420
1490908586,-420
1490907804,-420
1490907346,-420
1490905332,-420
1490901725,-420
1490844534,-420
1490835934,-420
1490823605,-420
1490823279,-420
1490821505,-420
1490811863,-420
1490807907,-420
1490744361,-420
1490742864,-420
1490738176,-420
1490730715,-420
1490730703,-420
1490725260,-420
1490721978,-420
1490667516,-420
1490667499,-420
1490659261,-420
1490651714,-420
1490645597,-420
1490638007,-420
1490637996,-420
1490587905,-420
1490576179,-420
1490554248,-420
1490491736,-420
1490486164,-420
1490482833,-420
1490481520,-420
1490480711,-420
1490476128,-420
1490430050,-420
1490424958,-420
1490407313,-300
1490407295,-300
1490402430,-300
1490368388,-300
1490311978,-300
1490281560,-300
1490231369,-300
1490224713,-300
1490195692,-300
1490191930,-300
1490153294,-300
1490138037,-300
1490136690,-300
1490135191,-300
1490109222,-300
1490069177,-300
1490060861,-300
1490057769,-300
1490021536,-300
1489971200,-300
1489966586,-300
1489948846,-420
1489943099,-420
1489940800,-420
1489939884,-420
1489884077,-420
1489878106,-420
1489873612,-420
1489870323,-420
1489862291,-420
1489812040,-420
1489811809,-420
1489805161,-420
1489804966,-420
1489804702,-420
1489802787,-420
1489798642,-420
1489793611,-420
1489793601,-420
1489784416,-420
1489724581,-420
1489716926,-420
1489714721,-420
1489711403,-420
1489710256,-420
1489709792,-420
1489706619,-420
1489656583,-420
1489643108,-420
1489630951,-420
1489608599,-300
1489605069,-300
1489590071,-300
1489544799,-300
1489505669,-300
1489445139,-300
1489417516,-300
1489377992,-300
1489363779,-300
1489353156,-300
1489298661,-360
1489279652,-360
1489264471,-360
1489262589,-360
1489262395,-360
1489118825,-360
1489115728,-360
1489107931,-360
1489103621,-360
1489076492,-360
1489020304,-360
1488990326,-360
1488956974,-360
1488952830,-360
1488938189,-360
1488934643,-360
1488933388,-360
1488925421,-360
1488907170,-360
1488905730,-360
1488858486,-360
1488858450,-360
1488854743,-360
1488850383,-360
1488816514,-360
1488669952,-360
1488666738,-360
1488665937,-360
1488656578,-360
1488592340,-360
1488557616,-360
1488511169,-360
1488497906,-360
1488472934,-360
1488415950,-360
1488388485,-360
1488328449,-360
1488328130,-360
1488301301,-360
1488245471,-360
1488212446,-360
1488209196,-360
1488141805,-360
1488140291,-360
1487973280,-360
1487955616,-360
1487955590,-360
1487920630,-360
1487910832,-360
1487896285,-360
1487869268,-360
1487815524,-360
1487811029,-360
1487810037,-360
1487783905,-360
1487721785,-360
1487716799,-360
1487624088,-360
1487623466,-360
1487622312,-360
1487554140,-360
1487546186,-360
1487533764,-360
1487477578,-360
1487458599,-360
1487456259,-360
1487450172,-360
1487385616,-360
1487384301,-360
1487374619,-360
1487351634,-360
1487297396,-360
1487292335,-360
1487288147,-360
1487265668,-360
1487200266,-360
1487177637,-360
1487136397,-360
1487134686,-360
1487132273,-360
1487121412,-360
1487111467,-360
1487087160,-360
1487033336,-360
1487032540,-360
1487003953,-360
1486938100,-360
1486929607,-360
1486883404,-360
1486878219,-360
1486868779,-360
1486863627,-360
1486861167,-360
1486854455,-360
1486851917,-360
1486846714,-360
1486772754,-360
1486769128,-360
1486746499,-360
1486682467,-360
1486660400,-360
1486602285,-360
1486594422,-360
1486573715,-360
1486531789,-360
1486527433,-360
1486527428,-360
1486513592,-360
1486513369,-360
1486487657,-360
1486438203,-360
1486433267,-360
1486428345,-360
1486405554,-360
1486288565,-360
1486268535,-360
1486267732,-360
1486254755,-360
1486254695,-360
1486253741,-360
1486252818,-360
1486245668,-360
1486237595,-360
1486183581,-360
1486177104,-360
1486162413,-360
1486137275,-360
1486082122,-360
1486053331,-360
1485990175,-360
1485967014,-360
1485918304,-360
1485914884,-360
1485911816,-360
1485903342,-360
1485901978,-360
1485899341,-360
1485827468,-360
1485826050,-360
1485791726,-360
1485757257,-360
1485733807,-360
1485728449,-360
1485662915,-360
1485659731,-360
1485643520,-360
1485638494,-360
1485629324,-360
1485557937,-360
1485542454,-360
1485472652,-360
1485458451,-360
1485453742,-360
1485447384,-360
1485400140,-360
1485390159,-360
1485364088,-360
1485304472,-360
1485301683,-360
1485300181,-360
1485298644,-360
1485273363,-360
1485223794,-360
1485219158,-360
1485214514,-360
1485213528,-360
1485187416,-360
1485148420,-360
1485145268,-360
1485126635,-300
1485126413,-300
1485122822,-300
1485119913,-300
1485118817,-300
1485117899,-300
1485116923,-300
1485115183,-300
1485111845,-300
1485107603,-300
1485107150,-300
1485049392,-300
1485040744,-300
1485039847,-300
1485030030,-300
1485029957,-300
1485026389,-300
1485020762,-300
1484975587,-300
1484972870,-300
1484963099,-300
1484961189,-300
1484959667,-300
1484958837,-300
1484958516,-300
1484956830,-300
1484954885,-300
1484953384,-300
1484951775,-300
1484951348,-300
1484949834,-300
1484949490,-300
1484946094,-300
1484945006,-300
1484943634,-300
1484942669,-300
1484939957,-300
1484898590,-300
1484896353,-300
1484896340,-300
1484868958,-300
1484868893,-300
1484863762,-300
1484852935,-300
1484849154,-300
1484844262,-300
1484786273,-300
1484783307,-300
1484782325,-300
1484781832,-300
1484781280,-300
1484780751,-300
1484780545,-300
1484779834,-300
1484779413,-300
1484778978,-300
1484778760,-300
1484768683,-300
1484762665,-300
1484748256,-300
1484692357,-300
1484692061,-300
1484675705,-300
1484665009,-300
1484664788,-300
1484629371,-300
1484622751,-300
1484608251,-360
1484518659,-360
1484517595,-360
1484516698,-360
1484456286,-360
1484453071,-360
1484446845,-360
1484446709,-360
1484432832,-360
1484428911,-360
1484389663,-360
1484387784,-360
1484380918,-360
1484369355,-360
1484366351,-360
1484343338,-300
1484341957,-300
1484320628,-300
1484271221,-300
1484262598,-300
1484261973,-300
1484260355,-300
1484259721,-300
1484247787,-300
1484245147,-300
1484234669,-300
1484173444,-300
1484159592,-300
1484158087,-300
1484155136,-300
1484146743,-300
1484084224,-300
1484076064,-300
1484073573,-300
1484072358,-300
1484060853,-300
1483992937,-300
1483988652,-300
1483984071,-300
1483971359,-300
1483929386,-300
1483925151,-300
1483911895,-360
1483907786,-360
1483663038,-360
1483632107,-360
1483578598,-360
1483574010,-360
1483573381,-360
1483544696,-360
1483488315,-360
1483487684,-360
1483458442,-360
1483418784,-360
1483410028,-360
1483408837,-360
1483406638,-360
1483402054,-360
1483391678,-360
1483391363,-360
1483320765,-360
1483259572,-360
1483255467,-360
1483244582,-360
1483240043,-360
1483219805,-360
1483217972,-360
1483177611,-360
1483165325,-360
1483083054,-360
1483082962,-360
1483069355,-360
1483061511,-360
1483057153,-360
1483052917,-360
1482994076,-360
1482968091,-360
1482965583,-360
1482954913,-360
1482954857,-360
1482951700,-360
1482950545,-360
1482949203,-360
1482859393,-360
1482815421,-360
1482793962,-360
1482780032,-360
1482779833,-360
1482731705,-360
1482708588,-360
1482647133,-360
1482620561,-360
1482551708,-360
1482542176,-360
1482513031,-360
1482507902,-360
1482461954,-360
1482461144,-360
1482458010,-360
1482455874,-360
1482364173,-360
1482336184,-360
1482284850,-360
1482279428,-360
1482278755,-360
1482248601,-360
1482206276,-360
1482200089,-360
1482118451,-360
1482112228,-360
1482104420,-360
1482101168,-360
1482025813,-360
1482022317,-360
1482020109,-360
1481955350,-360
1481937533,-360
1481932515,-360
1481926274,-360
1481914565,-360
1481846478,-360
1481816374,-360
1481791666,-360
1481778759,-360
1481771696,-360
1481768169,-360
1481730643,-360
1481693581,-360
1481688097,-360
1481686694,-360
1481672262,-360
1481645990,-360
1481593193,-360
1481557211,-360
1481509824,-360
1481508327,-360
1481486072,-360
1481434847,-360
1481431821,-360
1481424099,-360
1481404426,-360
1481400494,-360
1481358804,-360
1481355104,-360
1481348862,-360
1481337234,-360
1481331892,-360
1481324349,-360
1481302884,-360
1481255927,-360
1481245289,-360
1481241740,-360
1481216022,-360
1481155499,-360
1481079040,-360
1481075043,-360
1481067003,-360
1481038647,-360
1480980610,-360
1480952980,-360
1480909093,-360
1480894752,-360
1480830483,-360
1480804466,-360
1480722549,-360
1480694652,-360
1480647504,-360
1480646845,-360
1480643492,-360
1480640181,-360
1480636404,-360
1480636016,-360
1480635691,-360
1480629630,-360
1480628219,-360
1480607051,-360
1480607035,-360
1480564369,-360
1480561092,-360
1480553249,-360
1480470699,-360
1480470041,-360
1480469480,-360
1480464711,-360
1480462259,-360
1480460292,-360
1480434257,-360
1480376936,-360
1480348289,-360
1480305336,-360
1480300874,-360
1480288539,-360
1480286573,-360
1480232358,-360
1480229576,-360
1480222222,-360
1480219687,-360
1480219416,-360
1480218899,-360
1480218637,-360
1480211017,-360
1480142636,-360
1480121636,-360
1480115831,-360
1480113733,-360
1480051129,-360
1480028438,-360
1480024265,-360
1479953390,-360
1479947567,-360
1479944885,-360
1479938897,-360
1479937817,-360
1479928741,-360
1479921579,-360
1479880505,-360
1479877685,-360
1479877670,-360
1479875786,-360
1479849857,-360
1479837652,-360
1479771157,-360
1479743972,-360
1479689671,-360
1479685905,-360
1479679873,-360
1479675898,-360
1479674255,-360
1479611148,-360
1479610473,-360
1479590109,-360
1479589249,-360
1479521767,-360
1479511356,-360
1479483661,-360
1479435353,-360
1479427662,-360
1479422847,-360
1479396792,-360
1479350279,-360
1479346270,-360
1479345953,-360
1479340098,-360
1479311717,-360
1479250834,-360
1479249435,-360
1479224681,-360
1479171261,-360
1479169055,-360
1479142391,-360
1479096193,-360
1479089752,-360
1479087176,-360
1479081693,-360
1479078990,-360
1479070801,-360
1479068667,-360
1479022789,-360
1478991237,-360
1478924435,-360
1478923280,-360
1478918151,-360
1478815277,-360
1478793985,-360
1478736964,-360
1478734602,-360
1478707136,-360
1478639842,-360
1478622012,-360
1478578421,-360
1478573015,-360
1478562332,-360
1478528865,-360
1478488545,-360
1478487438,-360
1478481935,-360
1478472279,-360
1478414539,-300
1478412988,-300
1478387380,-300
1478292184,-300
1478279389,-300
1478271634,-300
1478223848,-300
1478214450,-300
1478213057,-300
1478211040,-300
1478185288,-300
1478133655,-300
1478129078,-300
1478125894,-300
1478096878,-300
1478044223,-300
1478039878,-300
1478039069,-300
1478012449,-300
1477958440,-300
1477954746,-300
1477954716,-300
1477952882,-300
1477926095,-300
1477877470,-300
1477876557,-300
1477865380,-300
1477863544,-300
1477861484,-300
1477858916,-300
1477826866,-300
1477812018,-300
1477810522,-300
1477807516,-300
1477806788,-300
1477803013,-300
1477801146,-300
1477795714,-300
1477784152,-300
1477705919,-300
1477700929,-300
1477700759,-300
1477666490,-300
1477618349,-300
1477613949,-300
1477605035,-300
1477600364,-300
1477580159,-300
1477519312,-300
1477517455,-300
1477517230,-300
1477516528,-300
1477460060,-300
1477441180,-300
1477428951,-300
1477427154,-300
1477413476,-300
1477407793,-300
1477203305,-300
1477194492,-300
1477193419,-300
1477184753,-300
1477168334,-300
1477164472,-300
1477110682,-300
1477093707,-300
1477073550,-300
1477069997,-300
1477061798,-300
1477012948,-300
1477009778,-300
1477005317,-300
1476975466,-300
1476927761,-300
1476925473,-300
1476923589,-300
1476923552,-300
1476921807,-300
1476921801,-300
1476889162,-300
1476841530,-300
1476839257,-300
1476817403,-300
1476811360,-300
1476802471,-300
1476759032,-300
1476749771,-300
1476716567,-300
1476688136,-300
1476687432,-300
1476658982,-300
1476658684,-300
1476575443,-300
1476569018,-300
1476516737,-300
1476506621,-300
1476504639,-300
1476496676,-300
1476489374,-300
1476485102,-300
1476453865,-300
1476452732,-300
1476415400,-300
1476404578,-300
1476395568,-300
1476367300,-300
1476367290,-300
1476320859,-300
1476310143,-300
1476304809,-300
1476302923,-300
1476302517,-300
1476280684,-300
1476220422,-300
1476193676,-300
1476191865,-300
1476075454,-300
1476042599,-300
1476042252,-300
1475991301,-300
1475986895,-300
1475984178,-300
1475982157,-300
1475974806,-300
1475971896,-300
1475971688,-300
1475966641,-300
1475963184,-300
1475959293,-300
1475958769,-300
1475894411,-300
1475886744,-300
1475880167,-300
1475855298,-300
1475851885,-300
1475812659,-300
1475808018,-300
1475799486,-300
1475794634,-300
1475792128,-300
1475786585,-300
1475786364,-300
1475765400,-300
1475732859,-300
1475718520,-300
1475708146,-300
1475707744,-300
1475707422,-300
1475707277,-300
1475692030,-300
1475687334,-300
1475680496,-300
1475622397,-300
1475620874,-300
1475616358,-300
1475596520,-300
1475593359,-300
1475535561,-300
1475534755,-300
1475533641,-300
1475530658,-300
1475506182,-300
1475506177,-300
1475422844,-300
1475422408,-300
1475421796,-300
1475421624,-300
1475374290,-300
1475363535,-300
1475344181,-300
1475305594,-300
1475302263,-300
1475301870,-300
1475295667,-300
1475291941,-300
1475289424,-300
1475282596,-300
1475279995,-300
1475272229,-300
1475246981,-300
1475218305,-300
1475214526,-300
1475211306,-300
1475204915,-300
1475198134,-300
1475192874,-300
1475189446,-300
1475188688,-300
1475187815,-300
1475185889,-300
1475181583,-300
1475177821,-300
1475160589,-300
1475110677,-300
1475108650,-300
1475103810,-300
1475102963,-300
1475101434,-300
1475074446,-300
1475023688,-300
1475017517,-300
1475014528,-300
1475006348,-300
1474987584,-300
1474936305,-300
1474932313,-300
1474930191,-300
1474928530,-300
1474907511,-300
1474903651,-300
1474901786,-300
1474864503,-300
1474840061,-300
1474786228,-300
1474777854,-300
1474767763,-300
1474756949,-300
1474752111,-300
1474745854,-300
1474745202,-300
1474694671,-300
1474689536,-300
1474683122,-300
1474610661,-300
1474594191,-300
1474584950,-300
1474584084,-300
1474583105,-300
1474578106,-300
1474556369,-300
1474515592,-300
1474514293,-300
1474513862,-300
1474511053,-300
1474510206,-300
1474501934,-300
1474470190,-300
1474433565,-300
1474430616,-300
1474416474,-300
1474414150,-300
1474389727,-300
1474387668,-300
1474346368,-300
1474346081,-300
1474341949,-300
1474336938,-300
1474327869,-300
1474325325,-300
1474296707,-300
1474253519,-300
1474244561,-300
1474243835,-300
1474238118,-300
1474231283,-300
1474180579,-300
1474178696,-300
1474176787,-300
1474176766,-300
1474170613,-300
1474166118,-300
1474159880,-300
1474158634,-300
1474151803,-300
1474149643,-300
1474140646,-300
1474079947,-300
1474067431,-300
1474065810,-300
1474037573,-300
1473999895,-300
1473995324,-300
1473986238,-300
1473913906,-300
1473912873,-300
1473909491,-300
1473900751,-300
1473898343,-300
1473893194,-300
1473888722,-300
1473876873,-300
1473873629,-300
1473873301,-300
1473865152,-300
1473799719,-300
1473778646,-300
1473730556,-300
1473725685,-300
1473718122,-300
1473709514,-300
1473706037,-300
1473698313,-300
1473656495,-300
1473647163,-300
1473635340,-300
1473632712,-300
1473629295,-300
1473624581,-300
1473622352,-300
1473618846,-300
1473560695,-300
1473559938,-300
1473556968,-300
1473554541,-300
1473551446,-300
1473548246,-300
1473544510,-300
1473543116,-300
1473541096,-300
1473537924,-300
1473537179,-300
1473483675,-300
1473475623,-300
1473474981,-300
1473467263,-300
1473461850,-300
1473432425,-300
1473396165,-300
1473396151,-300
1473377597,-300
1473375370,-300
1473346077,-300
1473344275,-300
1473301366,-300
1473288411,-300
1473278930,-300
1473272987,-300
1473263313,-300
1473260325,-300
1473219960,-300
1473203828,-300
1473203158,-300
1473173386,-300
1473124872,-300
1473123879,-300
1473118328,-300
1473115052,-300
1473112953,-300
1473108009,-300
1473054681,-300
1473052131,-300
1473022651,-300
1473021009,-300
1473020622,-300
1473014954,-300
1472953074,-300
1472948070,-300
1472944071,-300
1472884272,-300
1472878793,-300
1472876567,-300
1472870461,-300
1472859700,-300
1472857685,-300
1472856238,-300
1472855345,-300
1472852813,-300
1472848094,-300
1472846193,-300
1472827475,-300
1472799892,-300
1472793995,-300
1472787687,-300
1472780445,-300
1472777869,-300
1472776187,-300
1472773278,-300
1472771768,-300
1472741909,-300
1472684011,-300
1472677278,-300
1472675326,-300
1472665383,-300
1472661171,-300
1472659906,-300
1472654797,-300
1472618723,-300
1472611188,-300
1472610304,-300
1472606799,-300
1472606748,-300
1472602032,-300
1472589216,-300
1472580348,-300
1472575000,-300
1472574928,-300
1472537252,-300
1472535852,-300
1472529671,-300
1472521875,-300
1472482120,-300
1472428211,-300
1472428197,-300
1472422377,-300
1472416940,-300
1472252735,-300
1472250746,-300
1472250139,-300
1472222775,-300
1472178028,-300
1472176528,-300
1472169784,-300
1472151004,-300
1472143788,-300
1472136455,-300
1472102549,-300
1472091464,-300
1472090201,-300
1472084264,-300
1472081618,-300
1472073937,-300
1472069616,-300
1472050006,-300
1471991680,-300
1471991268,-300
1471977911,-300
1471975306,-300
1471974285,-300
1471973958,-300
1471963744,-300
1471928884,-300
1471923701,-300
1471917589,-300
1471912941,-300
1471904130,-300
1471877623,-300
1471823044,-300
1471820660,-300
1471818101,-300
1471815792,-300
1471815774,-300
1471761166,-300
1471755416,-300
1471748927,-300
1471738858,-300
1471738672,-300
1471736526,-300
1471730768,-300
1471727255,-300
1471726478,-300
1471726075,-300
1471670853,-300
1471669269,-300
1471659392,-300
1471657842,-300
1471646611,-300
1471618053,-300
1471582536,-300
1471580340,-300
1471580322,-300
1471577139,-300
1471576017,-300
1471558019,-300
1471555722,-300
1471532531,-300
1471495397,-300
1471487199,-300
1471482463,-300
1471476202,-300
1471474255,-300
1471445246,-300
1471409900,-300
1471409883,-300
1471407075,-300
1471400179,-300
1471390447,-300
1471358972,-300
1471322497,-300
1471315737,-300
1471303190,-300
1471272131,-300
1471223975,-300
1471217088,-300
1471209897,-300
1471208703,-300
1471206923,-300
1471205871,-300
1471204184,-300
1471200397,-300
1471152214,-300
1471147755,-300
1471145534,-300
1471144001,-300
1471137989,-300
1471137127,-300
1471135405,-300
1471124350,-300
1471119448,-300
1471065757,-300
1471065210,-300
1471061405,-300
1471040739,-300
1471025602,-300
1471019964,-300
1471013019,-300
1470961989,-300
1470961180,-300
1470936346,-300
1470871570,-300
1470842918,-300
1470798014,-300
1470797620,-300
1470794760,-300
1470788702,-300
1470785987,-300
1470769511,-300
1470762783,-300
1470753874,-300
1470753784,-300
1470718965,-300
1470718175,-300
1470717365,-300
1470710618,-300
1470709563,-300
1470666904,-300
1470633283,-300
1470631149,-300
1470630592,-300
1470602616,-300
1470601067,-300
1470597671,-300
1470590441,-300
1470549560,-300
1470545645,-300
1470542684,-300
1470541247,-300
1470539764,-300
1470522610,-300
1470517756,-300
1470514156,-300
1470513612,-300
1470508922,-300
1470508413,-300
1470506732,-300
1470445509,-300
1470444178,-300
1470434745,-300
1470433062,-300
1470407819,-300
1470364545,-300
1470362939,-300
1470360390,-300
1470354818,-300
1470336152,-300
1470329377,-300
1470328125,-300
1470287073,-300
1470282381,-300
1470274377,-300
1470266225,-300
1470234837,-300
1470204176,-300
1470203729,-300
1470199899,-300
1470198917,-300
1470194997,-300
1470194098,-300
1470190753,-300
1470189499,-300
1470186386,-300
1470181554,-300
1470148219,-300
1470109751,-300
1470109300,-300
1470107225,-300
1470098730,-300
1470096839,-300
1470089703,-300
1470061425,-300
1470031812,-300
1470029170,-300
1470023344,-300
1470022919,-300
1470011883,-300
1470006891,-300
1470005056,-300
1469999184,-300
1469945889,-300
1469925369,-300
1469916050,-300
1469914183,-300
1469909433,-300
1469908330,-300
1469903369,-300
1469846939,-300
1469843661,-300
1469839474,-300
1469829950,-300
1469803017,-300
1469737959,-300
1469716079,-300
1469668137,-300
1469659072,-300
1469657270,-300
1469629419,-300
1469572843,-300
1469571104,-300
1469541550,-300
1469499873,-300
1469492497,-300
1469462298,-300
1469459978,-300
1469450923,-300
1469421065,-300
1469418312,-300
1469406019,-300
1469404159,-300
1469397142,-300
1469392269,-300
1469385831,-300
1469343959,-300
1469334268,-300
1469332586,-300
1469329252,-300
1469327406,-300
1469309709,-300
1469305051,-300
1469300650,-300
1469294115,-300
1469240014,-300
1469227517,-240
1469220570,-240
1469208533,-240
1469200411,-240
1469148395,-240
1469139690,-240
1469132107,-240
1469124618,-240
1469121082,-240
1469106917,-240
1469106902,-240
1469058658,-240
1469052942,-240
1469047004,-240
1469017284,-240
1468977184,-240
1468975329,-240
1468966772,-240
1468960062,-240
1468934192,-240
1468875434,-240
1468849895,-240
1468844019,-240
1468791925,-240
1468789730,-240
1468783095,-240
1468769024,-300
1468767516,-300
1468730407,-300
1468726593,-300
1468724352,-300
1468717473,-300
1468714439,-300
1468709623,-300
1468701584,-300
1468649107,-300
1468643602,-300
1468615784,-300
1468614684,-300
1468544041,-300
1468541486,-300
1468533287,-300
1468465766,-300
1468465108,-300
1468463243,-300
1468461997,-300
1468459349,-300
1468444060,-360
1468433967,-360
1468433595,-360
1468426110,-360
1468383989,-360
1468383349,-360
1468380624,-360
1468380609,-360
1468361337,-420
1468360878,-420
1468360861,-420
1468344179,-420
1468296403,-420
1468294957,-420
1468292210,-420
1468291560,-420
1468289668,-420
1468258574,-420
1468207996,-420
1468198698,-420
1468184681,-420
1468184644,-420
1468182232,-420
1468176445,-420
1468174450,-420
1468135060,-420
1468131506,-420
1468129862,-420
1468127937,-420
1468124623,-420
1468123381,-420
1468118754,-420
1468113669,-420
1468112621,-420
1468110040,-420
1468109309,-420
1468108085,-420
1468107097,-420
1468106791,-420
1468105949,-420
1468103008,-420
1468102597,-420
1468101751,-420
1468096015,-420
1468095385,-420
1468093357,-420
1468090266,-420
1468084065,-420
1468032062,-420
1468024390,-420
1468001882,-420
1467998455,-420
1467947025,-420
1467946678,-420
1467941094,-420
1467865794,-420
1467860286,-420
1467859999,-420
1467851722,-420
1467841425,-420
1467837292,-420
1467832175,-420
1467673225,-420
1467669901,-420
1467658987,-420
1467608456,480
1467607309,480
1467550202,480
1467542026,480
1467539467,480
1467515406,480
1467513079,480
1467466615,480
1467460568,480
1467451708,480
1467445226,480
1467433340,480
1467432921,480
1467419500,480
1467376754,480
1467373696,480
1467349983,480
1467346675,480
1467342853,480
1467290482,480
1467283605,480
1467283262,480
1467281292,480
1467277115,480
1467271803,480
1467264550,480
1467259826,480
1467248856,480
1467206387,480
1467186235,480
1467176846,480
1467173824,480
1467160477,480
1467158582,480
1467120510,480
1467105173,480
1467097590,480
1467097120,480
1467092496,480
1467078569,480
1467066215,480
1467026739,480
1467009546,480
1466935213,480
1466906479,480
1466906001,480
1466905449,480
1466858244,480
1466851643,480
1466769832,480
1466733619,480
1466670048,480
1466609631,480
1466585890,480
1466509585,480
1466501758,480
1466500531,480
1466496513,480
1466492127,480
1466490629,480
1466490581,480
1466482019,480
1466481146,480
1466477367,480
1466475189,480
1466474534,480
1466474420,480
1466430159,480
1466418316,480
1466418106,480
1466413284,480
1466408596,480
1466404280,480
1466349126,-420
1466338061,-420
1466297139,-420
1466291774,-420
1466291507,-420
1466290883,-420
1466290261,-420
1466288114,-420
1466285801,-420
1466285655,-420
1466136346,-420
1466133910,-420
1466133622,-420
1466132894,-420
1466131287,-420
1466130587,-420
1466127220,-420
1466047078,-420
1466046483,-420
1466044518,-420
1466029018,-420
1466023711,-420
1465937237,-420
1465936080,-420
1465935579,-420
1465934503,-420
1465931119,-420
1465928317,-420
1465786032,-420
1465779247,-420
1465776842,-420
1465699440,-420
1465690635,-420
1465614041,-420
1465445076,-420
1465443176,-420
1465353658,-420
1465345587,-420
1465247159,-420
1465182406,-420
1465181801,-420
1465180108,-420
1465159845,-420
1465100334,-420
1465096931,-420
1465094995,-420
1464998991,-420
1464917011,-420
1464911305,-420
1464908720,-420
1464906297,-420
1464904989,-420
1464902702,-420
1464835126,-420
1464833643,-420
1464833419,-420
1464833051,-420
1464828770,-420
1464812320,-420
1464752705,-420
1464752666,-420
1464751118,-420
1464750537,-420
1464712564,-420
1464657457,-420
1464654485,-420
1464481929,-420
1464468987,-420
1464391685,-420
1464319346,-420
1464316239,-420
1464307443,-420
1464307149,-420
1464296279,-420
1464145425,-420
1464141968,-420
1464141696,-420
1464130819,-420
1464070696,-420
1464062043,-420
1464060596,-420
1464037961,-300
1464034718,-300
1464031201,-300
1464029420,-300
1463970831,-300
1463956729,-300
1463950016,-300
1463949453,-300
1463949437,-300
1463894632,-300
1463886720,-300
1463863536,-300
1463854203,-300
1463811115,-300
1463808773,-300
1463725585,-300
1463720808,-300
1463712889,-300
1463620760,-300
1463617778,-300
1463614529,-300
1463600521,-300
1463522644,-300
1463522363,-300
1463522232,-300
1463521409,-300
1463519807,-300
1463448319,-300
1463447762,-300
1463440392,-300
1463439273,-300
1463355743,-300
1463351979,-300
1463349168,-300
1463347228,-300
1463345024,-300
1463342924,-300
1463340680,-300
1463336442,-300
1463336027,-300
1463292547,-300
1463283810,-300
1463278756,-300
1463268928,-300
1463259094,-300
1463254229,-300
1463253905,-300
1463253782,-300
1463248935,-300
1463247069,-300
1463234797,-300
1463228722,-300
1463203793,-300
1463201226,-300
1463193985,-300
1463185284,-300
1463183149,-300
1463182585,-300
1463181252,-300
1463177529,-300
1463175033,-300
1463155479,-300
1463099952,-300
1463099656,-300
1463097768,-300
1463082405,-300
1463025260,-300
1463023340,-300
1463017830,-300
1462937679,-300
1462930622,-300
1462853970,-300
1462848500,-300
1462842565,-300
1462765777,-300
1462664017,-300
1462661835,-300
1462660642,-300
1462659060,-300
1462656444,-300
1462589492,-300
1462499982,-300
1462497480,-300
1462414764,-300
1462408614,-300
1462407197,-300
1462403661,-300
1462327611,-300
1462322289,-300
1462156371,-300
1462150872,-300
1462148632,-300
1462125566,-300
1462091025,-300
1462082230,-300
1462077329,-300
1462064463,-300
1462063204,-300
1462054541,-300
1461989804,-300
1461980003,-300
1461978475,-300
1461977982,-300
1461968206,-300
1461966657,-300
1461965241,-300
1461961639,-300
1461958106,-300
1461956449,-300
1461904947,-300
1461904732,-300
1461889545,-300
1461875800,-300
1461875335,-300
1461874914,-300
1461874216,-300
1461812315,-300
1461803925,-300
1461802790,-300
1461801265,-300
1461787436,-300
1461716551,-300
1461630009,-300
1461629637,-300
1461597130,-300
1461593354,-300
1461546037,-300
1461538703,-300
1461533289,-300
1461528273,-300
1461484803,-300
1461464549,-300
1461464526,-300
1461459635,-300
1461458621,-300
1461457680,-300
1461448821,-300
1461448396,-300
1461445979,-300
1461363022,-300
1461282756,-300
1461268597,-300
1461261349,-300
1461258894,-300
1461254875,-300
1461248859,-300
1461204537,-300
1461116157,-300
1461094677,-300
1461087765,-300
1461081646,-300
1461021343,-300
1460869872,-300
1460766525,-300
1460763329,-300
1460668266,-300
1460593590,-300
1460587719,-300
1460581052,-300
1460521114,-300
1460506166,-300
1460492894,-300
1460405918,-300
1460404059,-300
1460403383,-300
1460351536,-300
1460327737,-300
1460327115,-300
1460258973,-300
1460234557,-300
1460232094,-300
1460156196,-300
1460149837,-300
1460057399,-300
1460056272,-300
1460051851,-300
1460051167,-300
1460044881,-300
1460044676,-300
1460042866,-300
1459967716,-300
1459894063,-300
1459889469,-300
1459883977,-300
1459878875,-300
1459835467,-300
1459818721,-300
1459815796,-300
1459741322,-300
1459736925,-300
1459729210,-300
1459721039,-300
1459717205,-300
1459657611,-300
1459652150,-300
1459645428,-300
1459639670,-300
1459636587,-300
1459626303,-300
1459562782,-300
1459481928,-300
1459476087,-300
1459435934,-300
1459434992,-300
1459401943,-300
1459398270,-300
1459397630,-300
1459384129,-300
1459376593,-300
1459371325,-300
1459312772,-300
1459298845,-300
1459274058,-300
1459208445,-300
1459194440,-300
1459144783,-300
1459134671,-300
1459130695,-300
1459129157,-300
1459119918,-300
1459105679,-300
1459061638,-300
1459054398,-300
1459025272,-300
1458963780,-300
1458953965,-300
1458874973,-300
1458874720,-300
1458863393,-300
1458848330,-300
1458772840,-300
1458683822,-300
1458683102,-300
1458680304,-300
1458676994,-300
1458675318,-300
1458616184,-300
1458437782,-300
1458435158,-300
1458429580,-300
1458428817,-300
1458262234,-300
1458259240,-300
1458237248,-300
1458235013,-300
1458230770,-300
1458071501,-300
1458062519,-300
1458062513,-300
1458062498,-300
1457991187,-300
1457986203,-300
1457985886,-300
1457918839,-300
1457912056,-300
1457911235,-300
1457908912,-300
1457745075,-360
1457729700,-360
1457669521,-360
1457667932,-360
1457663401,-360
1457564584,-360
1457562549,-360
1457318659,-360
1457313240,-360
1457309780,-360
1457239886,-360
1457217735,-360
1457215889,-360
1457205518,-300
1457203665,-300
1457195025,-300
1457149047,-300
1457139160,-300
1457130638,-300
1457123260,-300
1457097546,-300
1457097332,-300
1457033605,-300
1457030161,-300
1457023807,-300
1457012357,-360
1457009947,-360
1456968910,-360
1456966765,-360
1456954289,-360
1456952506,-360
1456951149,-360
1456949802,-360
1456948320,-360
1456944793,-360
1456942151,-360
1456822388,-360
1456804074,-360
1456795899,-360
1456727856,-360
1456727287,-360
1456712498,-360
1456694602,-360
1456693420,-360
1456690091,-360
1456648300,-360
1456642370,-360
1456631964,-360
1456621783,-360
1456615653,-360
1456612901,-360
1456610612,-360
1456555525,-360
1456554561,-360
1456548736,-360
1456541084,-360
1456460144,-360
1456447909,-360
1456433609,-360
1456350974,-360
1456347578,-360
1456344324,-360
1456342478,-360
1456341867,-360
1456340740,-360
1456275163,-360
1456268521,-360
1456261241,-360
1456254076,-360
1456204089,-360
1456190696,-360
1456114250,-360
1456096712,-480
1456095367,-480
1456093528,-480
1456091644,-480
1456085348,-480
1456048395,-480
1456044434,-480
1456042298,-480
1456030682,-480
1456020879,-480
1456009133,-420
1455997682,-480
1455994295,-480
1455955396,-480
1455954405,-480
1455954011,-480
1455949114,-480
1455943724,-480
1455937767,-480
1455935000,-480
1455928517,-480
1455926077,-480
1455922913,-480
1455920108,-480
1455915947,-480
1455914031,-480
1455872979,-480
1455871544,-480
1455871322,-480
1455868979,-480
1455864890,-480
1455857503,-480
1455853789,-480
1455833819,-360
1455759797,-360
1455758029,-360
1455757552,-360
1455756974,-360
1455756778,-360
1455750337,-360
1455748170,-360
1455673647,-360
1455671196,-360
1455659432,-360
1455598438,-360
1455594427,-360
1455589215,-360
1455589103,-360
1455520675,-360
1455501536,-360
1455424684,-360
1455411615,-360
1455408688,-360
1455407698,-360
1455347319,-360
1455335180,-360
1455316699,-360
1455199625,-360
1455168388,-360
1455166856,-360
1455162841,-360
1455158515,-360
1455155851,-360
1455143401,-360
1455142352,-360
1455023319,-360
1454999262,-360
1454988486,-360
1454985384,-360
1454906035,-360
1454899793,-360
1454834360,-360
1454827953,-360
1454741592,-360
1454738213,-360
1454734408,-360
1454651283,-360
1454650326,-360
1454635880,-360
1454616632,-360
1454612143,-360
1454546398,-360
1454542121,-360
1454536346,-360
1454530803,-360
1454478367,-360
1454450196,-360
1454447076,-360
1454439379,-360
1454375979,-360
1454374504,-360
1454361633,-360
1454359180,-360
1454354265,-360
1454353567,-360
1454350982,-360
1454345548,-360
1454285356,-360
1454282025,-360
1454276412,-360
1454205120,-360
1454019380,-360
1454012457,-360
1454006903,-360
1453994752,-360
1453942070,-360
1453937239,-360
1453931528,-360
1453928672,-360
1453925703,-360
1453850840,-360
1453769297,-360
1453755590,-360
1453697275,-360
1453696867,-360
1453683539,-360
1453673818,-360
1453667221,-360
1453579809,-360
1453574178,-360
1453573327,-360
1453568500,-360
1453567397,-360
1453520853,-360
1453514065,-360
1453439235,-360
1453425436,-360
1453408051,-360
1453402539,-360
1453399671,-360
1453394244,-360
1453327582,-360
1453326956,-360
1453251354,-360
1453244503,-360
1453242653,-360
1453240685,-360
1453236887,-360
1453235319,-360
1453229506,-360
1453183415,-360
1453166647,-360
1453150348,-360
1453085975,-360
1453081287,-360
1453001350,-360
1452993143,-360
1452915661,-360
1452907507,-360
1452841857,-360
1452834718,-360
1452820471,-360
1452803047,-360
1452796841,-360
1452792648,-360
1452785887,-360
1452784537,-360
1452739348,-360
1452731684,-360
1452727987,-360
1452721513,-360
1452637800,-360
1452636694,-360
1452561418,-360
1452559994,-360
1452544291,-360
1452471830,-360
1452464016,-360
1452458820,-360
1452403437,-360
1452401942,-360
1452385857,-360
1452316455,-360
1452308420,-360
1452220437,-360
1452219605,-360
1452217802,-360
1452213947,-360
1452126318,-360
1452123385,-360
1452122732,-360
1452121838,-360
1452121134,-360
1451961459,-360
1451879579,-360
1451878398,-360
1451876679,-360
1451801542,-360
1451800042,-360
1451782855,-360
1451764577,-360
1451757609,-360
1451732538,-360
1451713003,-480
1451693804,-480
1451691145,-480
1451677836,-480
1451676503,-480
1451666387,-480
1451609535,-480
1451538263,-480
1451536771,-480
1451528323,-480
1451411554,-480
1451362861,-480
1451362171,-480
1451361111,-480
1451359861,-480
1451359234,-480
1451358248,-480
1451358160,-480
1451357686,-480
1451357369,-480
1451351077,-480
1451342473,-480
1451251204,-480
1451167233,-480
1451083948,-480
1451007398,-480
1451003722,-480
1450926878,-480
1450914610,-480
1450914506,-480
1450906055,-480
1450826442,-480
1450822837,-480
1450819969,-480
1450742124,-480
1450738665,-480
1450566397,-480
1450559360,-480
1450486450,-480
1450485313,-480
1450481669,-480
1450404657,-480
1450395049,-480
1450394060,-480
1450373488,-360
1450372352,-360
1450364336,-360
1450310772,-360
1450296169,-360
1450237240,-360
1450229808,-360
1450218501,-360
1450213778,-360
1450203183,-360
1450195461,-360
1450147015,-360
1450070322,-360
1450056705,-360
1450050203,-360
1449990871,-360
1449988263,-360
1449961983,-360
1449953367,-360
1449931864,-360
1449883672,-360
1449874394,-360
1449872488,-360
1449871889,-360
1449868031,-360
1449807393,-360
1449806758,-360
1449787811,-360
1449780260,-360
1449708015,-360
1449705311,-360
1449690216,-360
1449624277,-360
1449535474,-360
1449534495,-360
1449533722,-360
1449524340,-360
1449518567,-360
1449514241,-360
1449473021,-360
1449440197,-360
1449379712,-360
1449374364,-360
1449374212,-360
1449369082,-360
1449365643,-360
1449301361,-360
1449299185,-360
1449286638,-360
1449271820,-360
1449268557,-360
1449190288,-360
1449173618,-360
1449168993,-360
1449161106,-360
1449113795,-360
1449104237,-360
1449016549,-360
1449011498,-360
1449011488,-360
1449000327,-360
1448996700,-360
1448930449,-360
1448927945,-360
1448912021,-360
1448855611,-360
1448849506,-360
1448843708,-360
1448839418,-360
1448773475,-360
1448764963,-360
1448757945,-360
1448752760,-360
1448744116,-360
1448674863,-360
1448674091,-360
1448666603,-360
1448580562,-360
1448514652,-360
1448496231,-360
1448489533,-360
1448483216,-360
1448482875,-360
1448425830,-360
1448415558,-360
1448411394,-360
1448391893,-360
1448391375,-360
1448389618,-360
1448387855,-360
1448386066,-360
1448381867,-360
1448334918,-360
1448327967,-360
1448252147,-360
1448246256,-360
1448241585,-360
1448174668,-360
1448160806,-360
1448159849,-360
1448150200,-360
1448072747,-360
1447992638,-360
1447991443,-360
1447976250,-360
1447964452,-360
1447959875,-360
1447898829,-360
1447898224,-360
1447896657,-360
1447893597,-360
1447853324,-360
1447803877,-360
1447787231,-360
1447724267,-360
1447632384,-360
1447553221,-360
1447483923,-360
1447459263,-300
1447440024,-300
1447434861,-300
1447422471,-300
1447364661,-300
1447361710,-300
1447282813,-300
1447281694,-300
1447281243,-300
1447280763,-300
1447280281,-300
1447280269,-300
1447279601,-300
1447277621,-300
1447274163,-300
1447272059,-300
1447268125,-300
1447264138,-300
1447250027,-300
1447218498,-300
1447215208,-300
1447199816,-360
1447198016,-360
1447181793,-360
1447135293,-360
1447118196,-480
1447114518,-480
1447093311,-480
1447049183,-480
1447034984,-480
1447031364,-480
1447026577,-480
1447004414,-360
1446954639,-360
1446939709,-360
1446931356,-360
1446917516,-360
1446760516,-360
1446753901,-360
1446749380,-360
1446742508,-360
1446736604,-360
1446691147,-360
1446690343,-360
1446595310,-360
1446576713,-360
1446573821,-360
1446511335,-360
1446510391,-360
1446507589,-360
1446493823,-360
1446443539,-360
1446430281,-360
1446423429,-360
1446418327,-360
1446413866,-360
1446354610,-300
1446349605,-300
1446346843,-300
1446341271,-300
1446260604,-300
1446259243,-300
1446235532,-300
1446174465,-300
1446171763,-300
1446159035,-300
1446142455,-300
1446134110,-300
1446133952,-300
1446128118,-300
1446085850,-300
1446081469,-300
1446069412,-300
1446038604,-300
1446004257,-300
1446000982,-300
1445993427,-300
1445986649,-300
1445985802,-300
1445983331,-300
1445974793,-300
1445968609,-300
1445961131,-300
1445928911,-300
1445906323,-420
1445905395,-420
1445888279,-420
1445837142,-420
1445825278,-420
1445814939,-420
1445811254,-420
1445792996,-300
1445791924,-300
1445725408,-300
1445652592,-300
1445536716,-300
1445529400,-300
1445524336,-300
1445460489,-300
1445374074,-300
1445370091,-300
1445363317,-300
1445356082,-300
1445351525,-300
1445299886,-300
1445295269,-300
1445280201,-300
1445213940,-300
1445197237,-300
1445106277,-300
1444952483,-300
1444942881,-300
1444935661,-300
1444931841,-300
1444924453,-300
1444918928,-300
1444864987,-300
1444862385,-300
1444849309,-300
1444847050,-300
1444804670,-300
1444793064,-300
1444782836,-300
1444767059,-300
1444705024,-300
1444704244,-300
1444702507,-300
1444698894,-300
1444680452,-300
1444679899,-300
1444609755,-300
1444606370,-300
1444605045,-300
1444602924,-300
1444601123,-300
1444598953,-300
1444545728,-300
1444542870,-300
1444537238,-300
1444533379,-300
1444527629,-300
1444516417,-300
1444515165,-300
1444513421,-300
1444508072,-300
1444447519,-300
1444430316,-300
1444410036,-300
1444342985,-300
1444337211,-300
1444327648,-300
1444326686,-300
1444323758,-300
1444319444,-300
1444313945,-300
1444255110,-300
1444250805,-300
1444188416,-300
1444176363,-300
1444171720,-300
1444165423,-300
1444158614,-300
1444154574,-300
1444152796,-300
1444140854,-300
1444084630,-300
1444070627,-300
1444021284,-300
1444005989,-300
1443993248,-300
1443989246,-300
1443940669,-300
1443846526,-300
1443836122,-300
1443758206,-300
1443739104,-300
1443721803,-300
1443713985,-300
1443709015,-300
1443652981,-300
1443559456,-300
1443553193,-300
1443549412,-300
1443545866,-300
1443536409,-300
1443481248,-300
1443477162,-300
1443474197,-300
1443470614,-300
1443468497,-300
1443459343,-300
1443391284,-300
1443320846,-300
1443312191,-300
1443241966,-300
1443238462,-300
1443219196,-300
1443133413,-300
1443127672,-300
1443124646,-300
1443049222,-300
1442965526,-300
1442954408,-300
1442949391,-300
1442944412,-300
1442941474,-300
1442937179,-300
1442932087,-300
1442881681,-300
1442874691,-300
1442861459,-300
1442785694,-300
1442773419,-300
1442769729,-300
1442624927,-300
1442606804,-300
1442543478,-300
1442528968,-300
1442516688,-300
1442511854,-300
1442508701,-300
1442439933,-300
1442437802,-300
1442431807,-300
1442426171,-300
1442349387,-300
1442348279,-300
1442347359,-300
1442340750,-300
1442332820,-300
1442327206,-300
1442280860,-300
1442270864,-300
1442256490,-300
1442186955,-300
1442129988,-300
1442128574,-300
1442119122,-300
1442111770,-300
1442106922,-300
1442101109,-300
1442094663,-300
1442092863,-300
1442089883,-300
1442040521,-300
1442037605,-300
1442035039,-300
1442028623,-300
1441925181,-300
1441912162,-300
1441907343,-300
1441900389,-300
1441895112,-300
1441842856,-300
1441838565,-300
1441827254,-300
1441756687,-300
1441750992,-300
1441745453,-300
1441740293,-300
1441734873,-300
1441727627,-300
1441723957,-300
1441663000,-300
1441649470,-300
1441648626,-300
1441598811,-300
1441595451,-300
1441582888,-300
1441581448,-300
1441495474,-300
1441425344,-300
1441410365,-300
1441401657,-300
1441400343,-300
1441327894,-300
1441321048,-300
1441319033,-300
1441302983,-300
1441295587,-300
1441295103,-300
1441221180,-300
1441148405,-300
1441117258,-300
1441066088,-300
1440992470,-300
1440982735,-300
1440892104,-300
1440883228,-300
1440882574,-300
1440881034,-300
1440865172,-300
1440806317,-300
1440795189,-300
1440793712,-300
1440791869,-300
1440737714,-300
1440715940,-300
1440710219,-300
1440698620,-300
1440697083,-300
1440691187,-300
1440685516,-300
1440630085,-300
1440629020,-300
1440621032,-300
1440617951,-300
1440616814,-300
1440557486,-300
1440542619,-300
1440525657,-300
1440517775,-300
1440512525,-300
1440473247,-300
1440464857,-300
1440455665,-300
1440438666,-300
1440435983,-300
1440433285,-300
1440432392,-300
1440428316,-300
1440375529,-300
1440362199,-300
1440355152,-300
1440354543,-300
1440308885,-300
1440285708,-300
1440276370,-300
1440263121,-420
1440260484,-420
1440258921,-420
1440218638,-420
1440208350,-420
1440188164,-420
1440185121,-420
1440183343,-420
1440180034,-420
1440178403,-420
1440177613,-420
1440124281,-420
1440116565,-420
1440109672,-420
1440108493,-420
1440104099,-420
1440098675,-420
1440092763,-420
1440092285,-420
1440090523,-420
1440036080,-420
1440007317,-420
1440006419,-420
1440006106,-420
1440003941,-420
1439953659,-420
1439952650,-420
1439936850,-420
1439929780,-420
1439927597,-420
1439921186,-420
1439920875,-420
1439849401,-420
1439847494,-420
1439835319,-420
1439786860,-420
1439785014,-420
1439783561,-420
1439781449,-420
1439779436,-420
1439777077,-420
1439776740,-420
1439774836,-420
1439772684,-420
1439771610,-420
1439770911,-420
1439769660,-420
1439765449,-420
1439765018,-420
1439762966,-420
1439762387,-420
1439759818,-420
1439757043,-420
1439700348,-420
1439691663,-420
1439689370,-420
1439679472,-420
1439611836,-420
1439610190,-420
1439608390,-420
1439601895,-420
1439582660,-420
1439574937,-420
1439574242,-420
1439573791,-420
1439572065,-420
1439503778,-420
1439502682,-420
1439489649,-420
1439430339,-420
1439427354,-420
1439402180,-420
1439401500,-420
1439400952,-420
1439399385,-420
1439362425,-420
1439354776,-420
1439352550,-420
1439349680,-420
1439344585,-420
1439343186,-420
1439338397,-420
1439331392,-420
1439325866,-420
1439321772,-420
1439315810,-420
1439315121,-420
1439314649,-420
1439312987,-420
1439262541,-420
1439262146,-420
1439261017,-420
1439229743,-420
1439228891,-420
1439228242,-420
1439226605,-420
1439168982,-420
1439151688,-420
1439147504,-420
1439146843,-420
1439140156,-420
1439139566,-420
1439076863,-420
1439063805,-420
1439016863,-420
1439010216,-420
1439009317,-420
1439008062,-420
1439000734,-420
1438999545,-420
1438979240,-420
1438978107,-420
1438977797,-420
1438969999,-420
1438969469,-420
1438968966,-420
1438967574,-420
1438910547,-420
1438902749,-420
1438893617,-420
1438892846,-420
1438892518,-420
1438888771,-420
1438886433,-420
1438886143,-420
1438835010,-420
1438832664,-420
1438827360,-420
1438812197,-420
1438797120,-420
1438796224,-420
1438795517,-420
1438745880,-420
1438743199,-420
1438737738,-420
1438730182,-420
1438728486,-420
1438723986,-420
1438710995,-420
1438710151,-420
1438708126,-420
1438659299,-420
1438657796,-420
1438632982,-420
1438632126,-420
1438624710,-420
1438623960,-420
1438623448,-420
1438621674,-420
1438579626,-420
1438566819,-420
1438493753,-420
1438488943,-420
1438485481,-420
1438479141,-420
1438468334,-420
1438465954,-420
1438464861,-420
1438463894,-420
1438462106,-420
1438456976,-420
1438455166,-420
1438454434,-420
1438449278,-420
1438400128,-420
1438398075,-420
1438380334,-420
1438375542,-420
1438365583,-420
1438365121,-420
1438364267,-420
1438362775,-420
1438308374,-420
1438308132,-420
1438303008,-420
1438279120,-420
1438278646,-420
1438277966,-420
1438276233,-420
1438230032,-420
1438201986,-420
1438201098,-420
1438199929,-420
1438192505,-420
1438191637,-420
1438189695,-420
1438143995,-420
1438133522,-420
1438105500,-420
1438104776,-420
1438104309,-420
1438102531,-420
1438052791,-420
1438051305,-420
1438038559,-420
1438036545,-420
1438036040,-420
1438025000,-420
1438021911,-420
1438019036,-420
1438018414,-420
1438017722,-420
1438016381,-420
1437951250,-420
1437946181,-420
1437885151,-420
1437885002,-420
1437875813,-420
1437867118,-420
1437865030,-420
1437798314,-420
1437792288,-420
1437791079,-420
1437790521,-420
1437788331,-420
1437783911,-420
1437782591,-420
1437768908,-420
1437768090,-420
1437764982,-420
1437759527,-420
1437757435,-420
1437700185,-420
1437699834,-420
1437682118,-420
1437681721,-420
1437680889,-420
1437673253,-420
1437672396,-420
1437670971,-420
1437619175,-420
1437618244,-420
1437587824,-420
1437586811,-420
1437586349,-420
1437584789,-420
1437529713,-420
1437528444,-420
1437504006,-420
1437502971,-420
1437500932,-420
1437446518,-420
1437445983,-420
1437424298,-420
1437422055,-420
1437416617,-420
1437413702,-420
1437413167,-420
1437411663,-420
1437372386,-420
1437347493,-240
1437326663,-240
1437284542,-240
1437274281,-240
1437264532,-240
1437257708,-240
1437251219,-240
1437249742,-240
1437247851,-240
1437245541,-240
1437203833,-240
1437198713,-240
1437196485,-240
1437188475,-240
1437167347,-420
1437165234,-420
1437102661,-420
1437100237,-420
1437093307,-420
1437090858,-420
1437086775,-420
1437085967,-420
1437083857,-420
1437081541,-420
1437081019,-420
1437078054,-420
1437009231,-420
1436990663,-420
1436921640,-420
1436913269,-420
1436905501,-420
1436904725,-420
1436841708,-420
1436840107,-420
1436820184,-420
1436818213,-420
1436806555,-420
1436716110,-420
1436712558,-420
1436669416,-420
1436668829,-420
1436638754,-420
1436637182,-420
1436636721,-420
1436630497,-420
1436582480,-420
1436581511,-420
1436580033,-420
1436550248,-420
1436548921,-420
1436547793,-420
1436507750,-420
1436495087,-420
1436472851,-420
1436463124,-420
1436462696,-420
1436461287,-420
1436414971,-420
1436413328,-420
1436404485,-420
1436378593,-420
1436377777,-420
1436376728,-420
1436320267,-420
1436314918,-420
1436291321,-420
1436290582,-420
1436288451,-420
1436238365,-420
1436237887,-420
1436236416,-420
1436211419,-420
1436204520,-420
1436202805,-420
1436084784,-420
1436083744,-420
1436078716,-420
1436069928,-420
1436044577,-420
1436039047,-420
1436038393,-420
1436035908,-420
1436035397,-420
1436031199,-420
1436030666,-420
1435889415,-420
1435887579,-420
1435859575,-420
1435858429,-420
1435857740,-420
1435856859,-420
1435803020,-420
1435782403,-420
1435778462,-420
1435773778,-420
1435773010,-420
1435772574,-420
1435716567,-420
1435687571,-420
1435686850,-420
1435685064,-420
1435636020,-420
1435630681,-420
1435596463,-420
1435467300,-420
1435461172,-420
1435448904,-420
1435440043,-420
1435435591,-420
1435344940,-420
1435342000,-420
1435339591,-420
1435288214,-420
1435287608,-420
1435273254,-420
1435255797,-420
1435255372,-420
1435254028,-420
1435201841,-420
1435199352,-420
1435198197,-420
1435191186,-420
1435169774,-420
1435168188,-420
1435166976,-420
1435120971,-420
1435112931,-420
1435100955,-420
1435100032,-420
1435073699,-420
1435068553,-420
1435036059,-420
1435029765,-420
1435026788,-420
1435021836,-420
1434996742,-420
1434993192,-420
1434917692,-420
1434917227,-420
1434913743,-420
1434868953,-420
1434860902,-420
1434858486,-420
1434856216,-420
1434854428,-420
1434848317,-420
1434845866,-420
1434845379,-420
1434842870,-420
1434835977,-420
1434830435,-420
1434826613,-420
1434764063,-420
1434762494,-420
1434759029,-420
1434758104,-420
1434737241,-420
1434736389,-420
1434734871,-420
1434683394,-420
1434681662,-420
1434651169,-420
1434650479,-420
1434648556,-420
1434591774,-420
1434575769,-420
1434564776,-420
1434561812,-420
1434508751,-420
1434479636,-420
1434477545,-420
1434476006,-420
1434422792,-420
1434391820,-420
1434391421,-420
1434388837,-420
1434317607,-420
1434317056,-420
1434313058,-420
1434255295,-420
1434254674,-420
1434253097,-420
1434252792,-420
1434249305,-420
1434245930,-420
1434242304,-420
1434227300,-420
1434224496,-420
1434223687,-420
1434222109,-420
1434221694,-420
1434220455,-420
1434164573,-420
1434132179,-420
1434074568,-420
1434045738,-420
1433983670,-420
1433969298,-420
1433964472,-420
1433961683,-420
1433872601,-420
1433872376,-420
1433787998,-420
1433731551,-420
1433721765,-420
1433721328,-420
1433719954,-420
1433651419,-420
1433650844,-420
1433648912,-420
1433648206,-420
1433647824,-420
1433644983,-420
1433644464,-420
1433643954,-420
1433643301,-420
1433641036,-420
1433639070,-420
1433638975,-420
1433635591,-420
1433635059,-420
1433623204,-420
1433622008,-420
1433572679,-420
1433527166,-420
1433441782,-420
1433354375,-420
1433306010,-420
1433293196,-420
1433266693,-420
1433213454,-420
1433179341,-420
1433037739,-420
1433033143,-420
1433025020,-420
1433024491,-420
1433012446,-420
1432952021,-420
1432922493,-420
1432834108,-420
1432771442,-420
1432745128,-420
1432683880,-420
1432677347,-420
1432662399,-420
1432616237,-300
1432586129,-300
1432576502,-300
1432530252,-300
1432526232,-240
1432519545,-300
1432515435,-300
1432513488,-300
1432440551,-300
1432433326,-300
1432414145,-300
1432361768,-300
1432352219,-300
1432344217,-300
1432272887,-300
1432239454,-300
1432182844,-300
1432182165,-300
1432173376,-300
1432172152,-300
1432150575,-300
1432148559,-300
1432145498,-300
1432107544,-300
1432101192,-300
1432093561,-300
1432086662,-300
1432084334,-300
1432003585,-300
1431992285,-300
1431985129,-300
1431982335,-300
1431919658,-300
1431914671,-300
1431878170,-300
1431832077,-300
1431830983,-300
1431828096,-300
1431826840,-300
1431824058,-300
1431742101,-300
1431737905,-300
1431575869,-300
1431554781,-300
1431481299,-300
1431479895,-300
1431477531,-300
1431475906,-300
1431409580,-300
1431408801,-300
1431408300,-300
1431393185,-300
1431391688,-300
1431384088,-300
1431377632,-300
1431371977,-300
1431355430,-240
1431355391,-240
1431352404,-240
1431315466,-240
1431310778,-240
1431306467,-240
1431302924,-240
1431300347,-240
1431298429,-240
1431295575,-240
1431294947,-240
1431293449,-240
1431288893,-240
1431288701,-240
1431288670,-240
1431284650,-240
1431283124,-240
1431280986,-240
1431278945,-240
1431275488,-240
1431273878,-240
1431272358,-240
1431271015,-240
1431270553,-240
1431268733,-240
1431266454,-240
1431265702,-240
1431264193,-240
1431233051,-240
1431221276,-240
1431208444,-240
1431146838,-240
1431134211,-240
1431134001,-240
1431105425,-240
1431099408,-240
1431085785,-300
1431067573,-300
1431047643,-300
1430974595,-300
1430972800,-300
1430970804,-300
1430962570,-300
1430954758,-300
1430953779,-300
1430906359,-300
1430874599,-300
1430863559,-300
1430862670,-300
1430861040,-300
1430792409,-300
1430781665,-300
1430698883,-300
1430623899,-300
1430608538,-300
1430518579,-300
1430515783,-300
1430510763,-300
1430339445,-300
1430177543,-300
1430173857,-300
1430089855,-300
1430018263,-300
1429938021,-300
1429849388,-300
1429657514,-300
1429589842,-300
1429588082,-300
1429490917,-300
1429432609,-300
1429309250,-300
1429242886,-300
1429168139,-300
1429140149,-300
1428963344,-300
1428900531,-300
1428893386,-300
1428803476,-300
1428802408,-300
1428797832,-300
1428727823,-300
1428726941,-300
1428708123,-300
1428688198,-300
1428620947,-300
1428620552,-300
1428618780,-300
1428616564,-300
1428538910,-300
1428536864,-300
1428500363,-300
1428491616,-300
1428466902,-300
1428464469,-300
1428459213,-300
1428456964,-300
1428427484,-300
1428426457,-300
1428383036,-300
1428369372,-300
1428365884,-300
1428356589,-300
1428352712,-300
1428342515,-300
1428300904,-300
1428297519,-300
1428287109,-300
1428208280,-300
1428207556,-300
1428177256,-300
1428176345,-300
1428127201,-300
1428109379,-300
1428098190,-300
1428098173,-300
1428003946,-300
1427948793,-300
1427945350,-300
1427851757,-300
1427846074,-300
1427838621,-300
1427762378,-300
1427757487,-300
1427753557,-300
1427752447,-300
1427751670,-300
1427668893,-300
1427589353,-300
1427585257,-300
1427582281,-300
1427581571,-300
1427504740,-300
1427500675,-300
1427494931,-300
1427439945,-300
1427327319,-300
1427318750,-300
1427262296,-300
1427232546,-300
1427098962,-300
1426993325,-300
1426986589,-300
1426897792,-300
1426727646,-300
1426632860,-300
1426573038,-300
1426567130,-300
1426561370,-300
1426551035,-300
1426533012,-300
1426453077,-300
1426399478,-300
1426388116,-300
1426384008,-300
1426382333,-300
1426379102,-300
1426375437,-300
1426286733,-300
1426281051,-300
1426273939,-300
1426201071,-300
1425960144,-300
1425953267,-300
1425948018,-300
1425778895,-360
1425768255,-360
1425765529,-360
1425765300,-360
1425761676,-360
1425751490,-360
1425714931,-360
1425703480,-360
1425688336,-480
1425686428,-480
1425682155,-480
1425677540,-480
1425671964,-480
1425671497,-480
1425665576,-480
1425625706,-480
1425622681,-480
1425621070,-480
1425619612,-480
1425616300,-480
1425605761,-480
1425595513,-480
1425595502,-480
1425588364,-480
1425550295,-480
1425540601,-480
1425533009,-480
1425457978,-480
1425453281,-480
1425439403,-480
1425435276,-480
1425428505,-480
1425427337,-480
1425374177,-480
1425363288,-480
1425360791,-480
1425354482,-480
1425345231,-480
1425345054,-480
1425289143,-480
1425280802,-480
1425279931,-480
1425259405,-360
1425187257,-360
1425175431,-360
1425138117,-360
1425120399,-360
1425106672,-360
1425100977,-360
1425013866,-360
1425011455,-360
1424995569,-360
1424992549,-360
1424991226,-360
1424989041,-360
1424985407,-360
1424977047,-360
1424976023,-360
1424971488,-360
1424902902,-360
1424895632,-360
1424820056,-360
1424810491,-360
1424804057,-360
1424802668,-360
1424799250,-360
1424730662,-360
1424724784,-360
1424688685,-360
