date,time,session_min
2017-07-30,01:01:20,1
2017-07-30,01:08:37,15
2017-07-30,09:02:48,18
2017-07-30,10:16:13,8
2017-07-30,10:25:44,30
2017-07-30,11:04:52,15
2017-07-30,11:23:41,1
2017-07-30,12:03:29,2
2017-07-30,12:19:43,5
2017-07-30,12:53:34,18
2017-07-30,13:19:46,6
2017-07-30,13:29:18,5
2017-07-30,14:32:49,2
2017-07-30,14:44:08,18
2017-07-30,15:58:15,27
2017-07-30,16:26:18,6
2017-07-30,16:34:10,13
2017-07-30,16:52:39,35
2017-07-30,17:29:19,36
2017-07-29,08:48:15,20
2017-07-29,11:20:29,78
2017-07-29,12:46:22,7
2017-07-29,13:09:08,3
2017-07-29,13:28:59,2
2017-07-29,13:42:44,1
2017-07-29,14:12:02,6
2017-07-29,14:20:11,3
2017-07-29,14:27:29,8
2017-07-29,14:39:59,4
2017-07-29,14:48:20,1
2017-07-29,14:55:13,1
2017-07-29,14:57:30,3
2017-07-29,15:01:53,2
2017-07-29,15:07:41,1
2017-07-29,15:21:31,2
2017-07-29,15:38:52,1
2017-07-29,15:41:58,1
2017-07-29,15:50:12,10
2017-07-29,16:07:45,5
2017-07-29,16:50:03,8
2017-07-29,17:00:50,33
2017-07-29,18:49:07,30
2017-07-29,19:55:51,8
2017-07-29,20:19:11,5
2017-07-29,20:41:03,3
2017-07-29,22:44:41,2
2017-07-29,23:04:21,12
2017-07-29,23:19:37,17
2017-07-29,23:52:56,1
2017-07-28,00:32:11,1
2017-07-28,00:42:24,52
2017-07-28,01:37:04,14
2017-07-28,02:38:53,1
2017-07-28,02:46:39,11
2017-07-28,08:56:01,10
2017-07-28,10:00:34,3
2017-07-28,10:09:41,6
2017-07-28,10:17:48,3
2017-07-28,10:28:09,12
2017-07-28,11:20:01,1
2017-07-28,11:33:57,1
2017-07-28,11:36:59,13
2017-07-28,11:57:31,1
2017-07-28,15:27:50,3
2017-07-28,15:52:29,27
2017-07-28,16:23:49,1
2017-07-28,16:54:18,8
2017-07-28,17:23:57,3
2017-07-28,17:34:04,14
2017-07-28,18:01:02,5
2017-07-28,18:13:24,36
2017-07-28,18:52:20,3
2017-07-28,18:58:44,13
2017-07-28,19:16:09,10
2017-07-28,19:49:17,34
2017-07-28,20:24:53,17
2017-07-28,21:04:34,6
2017-07-28,22:12:11,65
2017-07-27,09:12:46,2
2017-07-27,09:48:37,1
2017-07-27,10:03:25,2
2017-07-27,10:10:37,1
2017-07-27,10:56:31,1
2017-07-27,12:05:13,5
2017-07-27,13:28:42,1
2017-07-27,13:33:22,3
2017-07-27,13:40:32,1
2017-07-27,14:01:09,1
2017-07-27,14:18:19,1
2017-07-27,14:42:34,2
2017-07-27,14:47:23,1
2017-07-27,14:52:20,11
2017-07-27,15:11:54,1
2017-07-27,17:00:20,1
2017-07-27,17:10:48,1
2017-07-27,17:15:15,1
2017-07-27,17:20:30,1
2017-07-27,17:35:39,1
2017-07-27,17:53:05,1
2017-07-27,18:17:13,2
2017-07-27,18:23:45,1
2017-07-27,18:45:35,1
2017-07-27,19:09:50,1
2017-07-27,19:12:40,1
2017-07-27,19:16:59,2
2017-07-27,19:23:23,3
2017-07-27,19:38:18,2
2017-07-27,19:50:37,3
2017-07-27,19:58:49,4
2017-07-27,20:08:51,15
2017-07-27,20:25:42,2
2017-07-27,20:29:04,1
2017-07-27,20:33:11,5
2017-07-27,20:46:05,2
2017-07-27,20:49:59,1
2017-07-27,20:52:34,3
2017-07-27,20:56:55,1
2017-07-27,21:02:11,1
2017-07-27,21:07:52,2
2017-07-27,21:14:55,2
2017-07-27,21:18:10,1
2017-07-27,21:22:25,1
2017-07-27,21:25:03,3
2017-07-27,21:30:52,7
2017-07-27,22:14:56,3
2017-07-27,22:19:16,3
2017-07-27,22:26:28,2
2017-07-27,22:30:07,20
2017-07-27,23:13:19,2
2017-07-26,00:11:06,1
2017-07-26,00:47:02,72
2017-07-26,02:03:24,10
2017-07-26,09:19:15,5
2017-07-26,09:47:04,17
2017-07-26,11:20:01,3
2017-07-26,11:51:59,2
2017-07-26,11:55:47,1
2017-07-26,12:19:12,5
2017-07-26,12:58:39,1
2017-07-26,13:16:21,2
2017-07-26,13:33:41,2
2017-07-26,13:37:53,7
2017-07-26,14:39:04,1
2017-07-26,14:48:08,1
2017-07-26,14:57:18,3
2017-07-26,15:06:19,10
2017-07-26,16:02:00,1
2017-07-26,16:09:59,11
2017-07-26,16:29:09,2
2017-07-26,16:32:54,1
2017-07-26,16:53:25,2
2017-07-26,17:01:05,4
2017-07-26,17:14:22,3
2017-07-26,17:20:10,4
2017-07-26,17:54:46,1
2017-07-26,18:10:22,25
2017-07-26,18:55:47,9
2017-07-26,19:09:26,6
2017-07-26,19:19:06,5
2017-07-26,21:15:32,2
2017-07-26,22:44:18,1
2017-07-26,23:18:08,6
2017-07-25,02:27:35,1
2017-07-25,09:41:48,1
2017-07-25,10:14:01,6
2017-07-25,10:42:36,1
2017-07-25,11:34:54,1
2017-07-25,11:40:08,3
2017-07-25,12:06:25,2
2017-07-25,12:14:10,1
2017-07-25,12:18:24,3
2017-07-25,12:24:25,2
2017-07-25,12:40:43,3
2017-07-25,12:58:35,5
2017-07-25,13:09:09,8
2017-07-25,14:14:35,1
2017-07-25,14:41:47,1
2017-07-25,14:50:18,1
2017-07-25,15:39:08,1
2017-07-25,17:00:25,1
2017-07-25,17:14:24,1
2017-07-25,17:16:53,2
2017-07-25,17:20:08,2
2017-07-25,19:45:30,3
2017-07-25,19:49:39,4
2017-07-25,19:59:54,1
2017-07-25,20:05:14,17
2017-07-25,20:50:54,30
2017-07-25,21:25:04,16
2017-07-25,21:45:25,4
2017-07-25,21:53:11,2
2017-07-25,21:56:45,4
2017-07-25,22:21:30,1
2017-07-25,23:00:28,7
2017-07-24,00:05:28,15
2017-07-24,00:36:01,3
2017-07-24,01:06:28,8
2017-07-24,01:16:28,12
2017-07-24,09:19:37,7
2017-07-24,11:19:24,8
2017-07-24,11:29:12,2
2017-07-24,11:32:15,14
2017-07-24,11:51:42,23
2017-07-24,12:17:51,4
2017-07-24,12:28:51,10
2017-07-24,13:05:32,3
2017-07-24,13:29:37,8
2017-07-24,13:39:56,3
2017-07-24,14:56:47,10
2017-07-24,15:08:18,79
2017-07-24,16:59:51,2
2017-07-24,17:07:02,16
2017-07-24,17:37:11,32
2017-07-24,18:10:50,7
2017-07-24,18:23:15,1
2017-07-24,19:06:22,6
2017-07-24,19:15:49,2
2017-07-24,19:21:38,4
2017-07-24,19:57:11,19
2017-07-24,20:21:05,19
2017-07-24,20:59:41,11
2017-07-24,21:38:54,4
2017-07-24,21:50:20,5
2017-07-24,22:00:04,20
2017-07-23,00:00:31,2
2017-07-23,09:17:23,10
2017-07-23,09:32:25,12
2017-07-23,09:48:08,30
2017-07-23,11:11:42,11
2017-07-23,11:35:05,29
2017-07-23,12:09:37,4
2017-07-23,13:21:49,1
2017-07-23,13:28:19,3
2017-07-23,13:58:29,3
2017-07-23,14:11:25,2
2017-07-23,14:15:14,1
2017-07-23,14:18:45,1
2017-07-23,15:02:34,3
2017-07-23,15:09:45,8
2017-07-23,17:13:37,2
2017-07-23,17:17:45,8
2017-07-23,17:32:29,8
2017-07-23,17:43:42,2
2017-07-23,17:47:24,9
2017-07-23,17:58:07,14
2017-07-23,18:28:45,2
2017-07-23,18:38:54,35
2017-07-23,19:30:30,1
2017-07-23,22:56:13,4
2017-07-22,00:15:36,9
2017-07-22,00:42:52,1
2017-07-22,01:45:26,1
2017-07-22,03:38:35,464
2017-07-22,11:32:25,11
2017-07-22,11:57:56,67
2017-07-22,15:00:30,1
2017-07-22,15:07:54,2
2017-07-22,15:17:11,1
2017-07-22,15:20:34,1
2017-07-22,15:33:07,1
2017-07-22,15:43:18,1
2017-07-22,15:47:18,7
2017-07-22,16:03:12,41
2017-07-22,16:52:52,7
2017-07-22,17:05:13,1
2017-07-22,17:07:45,1
2017-07-22,17:09:58,1
2017-07-22,17:12:30,8
2017-07-22,17:27:55,1
2017-07-22,17:34:09,1
2017-07-22,17:38:24,1
2017-07-22,17:43:48,5
2017-07-22,17:49:58,4
2017-07-22,17:58:54,3
2017-07-22,18:11:39,3
2017-07-22,18:16:19,1
2017-07-22,18:48:30,1
2017-07-22,18:52:45,1
2017-07-22,18:55:52,1
2017-07-22,18:58:02,5
2017-07-22,19:10:54,1
2017-07-22,20:42:09,6
2017-07-22,21:06:28,3
2017-07-22,22:10:51,12
2017-07-22,22:35:43,2
2017-07-22,23:21:42,16
2017-07-22,23:43:01,1
2017-07-22,23:49:30,11
2017-07-21,00:05:06,4
2017-07-21,07:16:53,2
2017-07-21,07:24:16,2
2017-07-21,07:53:04,18
2017-07-21,09:01:27,11
2017-07-21,09:38:55,2
2017-07-21,10:13:06,3
2017-07-21,10:18:29,2
2017-07-21,10:23:59,1
2017-07-21,10:26:31,3
2017-07-21,10:33:30,4
2017-07-21,10:38:48,3
2017-07-21,10:51:18,1
2017-07-21,10:56:51,2
2017-07-21,11:00:03,2
2017-07-21,11:05:27,2
2017-07-21,11:10:21,4
2017-07-21,11:16:48,3
2017-07-21,11:23:00,2
2017-07-21,11:58:32,2
2017-07-21,12:03:10,1
2017-07-21,12:15:50,1
2017-07-21,12:18:20,1
2017-07-21,12:30:12,11
2017-07-21,12:51:15,1
2017-07-21,13:03:01,7
2017-07-21,13:16:02,3
2017-07-21,13:28:34,1
2017-07-21,13:40:15,11
2017-07-21,13:52:38,9
2017-07-21,14:30:39,1
2017-07-21,15:22:17,2
2017-07-21,15:37:39,2
2017-07-21,16:23:21,2
2017-07-21,17:00:05,6
2017-07-21,17:11:03,2
2017-07-21,18:09:31,5
2017-07-21,18:51:00,6
2017-07-21,19:02:42,8
2017-07-21,19:28:59,3
2017-07-21,19:35:38,1
2017-07-21,21:38:11,2
2017-07-21,22:12:08,2
2017-07-21,22:25:01,1
2017-07-20,08:29:00,2
2017-07-20,08:40:02,9
2017-07-20,08:53:08,10
2017-07-20,09:10:07,1
2017-07-20,12:03:04,3
2017-07-20,12:08:57,4
2017-07-20,13:29:14,5
2017-07-20,13:40:03,9
2017-07-20,15:01:07,1
2017-07-20,15:03:32,21
2017-07-20,16:13:47,6
2017-07-20,16:41:46,9
2017-07-20,17:46:34,4
2017-07-20,17:57:08,15
2017-07-20,19:49:12,28
2017-07-20,20:21:32,3
2017-07-20,20:27:09,6
2017-07-20,20:34:25,3
2017-07-20,20:39:32,1
2017-07-20,20:41:41,35
2017-07-20,21:19:29,12
2017-07-20,22:48:41,1
2017-07-20,23:02:13,1
2017-07-20,23:04:52,1
2017-07-20,23:30:14,7
2017-07-19,00:00:00,14
2017-07-19,00:25:02,8
2017-07-19,00:34:06,20
2017-07-19,09:30:02,2
2017-07-19,09:59:23,1
2017-07-19,10:15:27,2
2017-07-19,10:30:35,2
2017-07-19,10:46:36,5
2017-07-19,11:44:48,1
2017-07-19,11:58:44,3
2017-07-19,12:04:17,4
2017-07-19,12:14:58,2
2017-07-19,12:25:18,1
2017-07-19,12:43:26,1
2017-07-19,12:54:51,4
2017-07-19,13:10:39,6
2017-07-19,13:56:08,2
2017-07-19,14:52:11,12
2017-07-19,15:16:48,2
2017-07-19,15:26:25,1
2017-07-19,15:36:08,1
2017-07-19,15:40:28,4
2017-07-19,16:42:02,4
2017-07-19,17:32:11,1
2017-07-19,17:37:24,5
2017-07-19,17:51:55,1
2017-07-19,17:55:09,1
2017-07-19,17:57:38,11
2017-07-19,18:30:49,84
2017-07-19,20:08:07,6
2017-07-19,21:32:08,6
2017-07-19,21:42:01,53
2017-07-19,22:36:34,21
2017-07-19,23:09:35,8
2017-07-18,00:00:06,11
2017-07-18,09:00:40,2
2017-07-18,10:01:23,1
2017-07-18,10:16:40,4
2017-07-18,10:31:38,2
2017-07-18,11:54:27,10
2017-07-18,12:07:17,5
2017-07-18,12:21:08,7
2017-07-18,12:33:22,7
2017-07-18,12:44:33,7
2017-07-18,13:00:59,6
2017-07-18,13:09:32,16
2017-07-18,13:30:35,1
2017-07-18,14:41:31,1
2017-07-18,14:43:44,1
2017-07-18,15:32:09,1
2017-07-18,15:50:51,1
2017-07-18,16:23:38,6
2017-07-18,16:36:44,8
2017-07-18,17:12:25,1
2017-07-18,17:18:04,1
2017-07-18,17:20:38,1
2017-07-18,17:24:56,1
2017-07-18,17:31:50,2
2017-07-18,18:08:28,10
2017-07-18,18:22:27,1
2017-07-18,18:27:46,7
2017-07-18,19:04:15,4
2017-07-18,19:10:15,2
2017-07-18,19:15:18,6
2017-07-18,19:42:06,5
2017-07-18,20:13:11,1
2017-07-18,20:43:49,6
2017-07-18,21:02:17,5
2017-07-18,21:08:24,3
2017-07-18,21:35:35,6
2017-07-18,21:42:54,3
2017-07-18,21:49:07,1
2017-07-18,22:23:10,17
2017-07-18,22:41:58,76
2017-07-17,05:51:31,1
2017-07-17,09:18:51,1
2017-07-17,09:50:59,3
2017-07-17,09:56:58,1
2017-07-17,10:11:02,2
2017-07-17,10:20:38,1
2017-07-17,10:50:27,2
2017-07-17,10:55:10,3
2017-07-17,11:00:11,1
2017-07-17,11:07:02,1
2017-07-17,11:42:17,3
2017-07-17,11:57:27,3
2017-07-17,12:26:07,7
2017-07-17,13:16:17,1
2017-07-17,13:24:14,2
2017-07-17,13:36:49,1
2017-07-17,13:39:54,1
2017-07-17,13:50:55,4
2017-07-17,14:10:32,2
2017-07-17,14:20:16,1
2017-07-17,14:42:58,2
2017-07-17,14:47:00,12
2017-07-17,15:04:45,13
2017-07-17,15:20:28,1
2017-07-17,15:25:01,2
2017-07-17,15:42:16,1
2017-07-17,15:50:03,4
2017-07-17,15:55:12,1
2017-07-17,16:41:52,3
2017-07-17,16:49:57,12
2017-07-17,17:39:56,3
2017-07-17,17:46:53,2
2017-07-17,18:16:27,1
2017-07-17,18:24:06,3
2017-07-17,18:34:22,7
2017-07-17,18:43:22,2
2017-07-17,18:46:24,2
2017-07-17,19:06:41,1
2017-07-17,19:28:36,1
2017-07-17,19:43:08,5
2017-07-17,19:51:15,2
2017-07-17,20:15:40,1
2017-07-17,21:07:19,7
2017-07-17,22:47:31,9
2017-07-17,23:24:03,5
2017-07-17,23:45:06,15
2017-07-16,02:17:03,1
2017-07-16,04:18:31,17
2017-07-16,10:19:35,3
2017-07-16,13:13:41,12
2017-07-16,13:54:11,3
2017-07-16,14:06:33,2
2017-07-16,14:13:34,1
2017-07-16,14:16:20,1
2017-07-16,14:18:43,4
2017-07-16,14:26:12,1
2017-07-16,17:08:44,3
2017-07-16,17:24:47,1
2017-07-16,17:29:00,2
2017-07-16,17:43:05,1
2017-07-16,17:50:38,1
2017-07-16,17:57:23,1
2017-07-16,18:27:05,7
2017-07-16,18:49:14,10
2017-07-16,19:39:58,2
2017-07-16,19:47:31,37
2017-07-16,20:33:23,1
2017-07-16,20:40:52,40
2017-07-16,21:37:03,7
2017-07-15,00:37:47,1
2017-07-15,00:44:53,2
2017-07-15,00:51:41,19
2017-07-15,19:10:31,1
2017-07-15,19:18:32,1
2017-07-15,19:45:09,1
2017-07-15,20:19:08,2
2017-07-15,21:21:53,1
2017-07-15,21:38:36,1
2017-07-15,21:43:08,4
2017-07-15,23:32:58,12
2017-07-14,00:24:28,6
2017-07-14,09:18:08,19
2017-07-14,09:57:36,1
2017-07-14,10:08:45,3
2017-07-14,10:15:16,2
2017-07-14,12:19:56,1
2017-07-14,12:49:04,2
2017-07-14,12:54:55,12
2017-07-14,13:15:56,8
2017-07-14,14:41:12,1
2017-07-14,15:52:23,3
2017-07-14,16:23:05,2
2017-07-14,16:30:15,3
2017-07-14,17:03:33,2
2017-07-14,17:20:02,1
2017-07-14,17:35:04,2
2017-07-14,17:41:57,2
2017-07-14,17:48:10,2
2017-07-14,17:59:57,4
2017-07-14,18:52:56,3
2017-07-14,20:03:04,5
2017-07-14,20:11:56,2
2017-07-14,20:35:29,1
2017-07-14,20:39:06,3
2017-07-14,20:44:55,1
2017-07-14,20:48:39,5
2017-07-14,21:03:28,1
2017-07-14,21:05:28,2
2017-07-14,21:16:43,49
2017-07-14,22:08:22,6
2017-07-14,23:23:36,6
2017-07-14,23:54:30,1
2017-07-13,02:32:05,1
2017-07-13,02:35:16,3
2017-07-13,05:19:59,1
2017-07-13,07:37:03,2
2017-07-13,08:18:35,2
2017-07-13,10:10:13,1
2017-07-13,10:14:29,1
2017-07-13,10:21:30,4
2017-07-13,10:32:24,1
2017-07-13,11:37:36,1
2017-07-13,12:17:57,2
2017-07-13,12:25:46,1
2017-07-13,16:58:07,1
2017-07-13,17:02:29,1
2017-07-13,17:20:29,6
2017-07-13,17:32:44,5
2017-07-13,17:43:20,3
2017-07-13,18:03:29,5
2017-07-13,18:41:50,49
2017-07-13,21:21:49,9
2017-07-13,23:06:20,1
2017-07-12,00:14:36,9
2017-07-12,08:09:56,6
2017-07-12,08:47:22,1
2017-07-12,08:52:31,1
2017-07-12,09:03:20,3
2017-07-12,10:09:52,9
2017-07-12,10:34:36,1
2017-07-12,11:16:32,4
2017-07-12,11:39:28,1
2017-07-12,12:09:15,1
2017-07-12,12:12:18,1
2017-07-12,12:15:05,1
2017-07-12,12:25:22,1
2017-07-12,12:36:04,4
2017-07-12,12:57:23,5
2017-07-12,13:23:28,1
2017-07-12,13:27:11,2
2017-07-12,13:58:04,2
2017-07-12,14:07:54,24
2017-07-12,15:02:43,1
2017-07-12,15:06:15,2
2017-07-12,15:11:10,9
2017-07-12,15:21:42,2
2017-07-12,15:24:44,1
2017-07-12,15:42:49,4
2017-07-12,15:49:02,17
2017-07-12,16:07:26,4
2017-07-12,16:13:27,9
2017-07-12,16:28:23,1
2017-07-12,16:39:55,3
2017-07-12,16:45:09,1
2017-07-12,16:49:26,1
2017-07-12,17:17:29,1
2017-07-12,17:21:15,1
2017-07-12,17:23:52,4
2017-07-12,17:31:19,6
2017-07-12,17:41:00,4
2017-07-12,17:49:16,2
2017-07-12,17:59:15,35
2017-07-12,18:52:15,1
2017-07-12,19:50:56,13
2017-07-12,20:54:25,5
2017-07-12,21:08:46,4
2017-07-12,21:38:09,51
2017-07-12,22:39:45,3
2017-07-11,00:07:37,4
2017-07-11,08:11:24,1
2017-07-11,08:45:30,3
2017-07-11,08:55:50,2
2017-07-11,09:12:48,1
2017-07-11,09:46:59,1
2017-07-11,10:22:29,4
2017-07-11,12:20:25,1
2017-07-11,14:55:21,1
2017-07-11,15:03:29,1
2017-07-11,15:54:24,1
2017-07-11,15:56:35,1
2017-07-11,16:13:36,1
2017-07-11,16:20:13,1
2017-07-11,17:11:27,1
2017-07-11,18:05:39,1
2017-07-11,19:16:28,2
2017-07-11,19:50:34,1
2017-07-11,20:02:29,1
2017-07-11,20:14:08,1
2017-07-11,20:32:52,28
2017-07-11,21:16:04,1
2017-07-11,23:40:23,1
2017-07-11,23:55:21,1
2017-07-10,09:00:37,3
2017-07-10,09:37:23,1
2017-07-10,10:10:28,1
2017-07-10,10:23:39,2
2017-07-10,10:39:07,2
2017-07-10,13:47:12,1
2017-07-10,15:22:24,2
2017-07-10,15:42:14,3
2017-07-10,15:49:51,4
2017-07-10,16:22:37,2
2017-07-10,16:50:47,4
2017-07-10,17:38:58,2
2017-07-10,17:42:00,1
2017-07-10,17:49:48,1
2017-07-10,17:57:22,1
2017-07-10,18:06:05,1
2017-07-10,18:27:13,2
2017-07-10,18:42:53,4
2017-07-10,19:04:25,37
2017-07-10,19:42:50,9
2017-07-10,19:53:36,12
2017-07-10,20:13:17,3
2017-07-10,20:24:54,1
2017-07-10,20:40:59,1
2017-07-10,20:43:06,1
2017-07-10,20:56:10,1
2017-07-10,20:58:16,2
2017-07-10,22:10:22,1
2017-07-10,22:47:54,3
2017-07-09,02:45:00,8
2017-07-09,11:23:30,4
2017-07-09,11:36:55,2
2017-07-09,12:35:34,13
2017-07-09,13:14:39,7
2017-07-09,14:16:05,1
2017-07-09,16:47:20,1
2017-07-09,16:54:53,6
2017-07-09,17:45:03,1
2017-07-09,17:49:48,4
2017-07-09,18:40:42,1
2017-07-09,18:46:57,1
2017-07-09,22:27:59,13
2017-07-09,22:42:35,2
2017-07-09,22:47:42,13
2017-07-08,00:13:42,4
2017-07-08,00:46:51,1
2017-07-08,00:51:52,33
2017-07-08,14:23:48,1
2017-07-08,14:27:23,1
2017-07-08,15:09:04,15
2017-07-08,15:32:20,1
2017-07-08,15:41:35,3
2017-07-08,16:22:01,6
2017-07-08,16:31:26,2
2017-07-08,16:34:46,50
2017-07-08,17:42:12,1
2017-07-08,17:47:53,1
2017-07-08,17:51:09,1
2017-07-08,18:00:26,11
2017-07-08,18:15:10,22
2017-07-08,19:42:07,2
2017-07-08,19:45:47,5
2017-07-08,20:02:22,5
2017-07-08,21:36:51,1
2017-07-08,21:49:53,3
2017-07-08,22:33:02,5
2017-07-07,02:52:06,2
2017-07-07,03:05:55,4
2017-07-07,03:30:02,16
2017-07-07,03:58:00,38
2017-07-07,06:19:30,157
2017-07-07,09:09:39,23
2017-07-07,09:33:39,7
2017-07-07,09:42:05,2
2017-07-07,10:08:11,1
2017-07-07,10:12:20,2
2017-07-07,10:32:24,1
2017-07-07,13:52:15,17
2017-07-07,15:01:15,3
2017-07-07,15:18:42,1
2017-07-07,15:23:08,6
2017-07-07,16:48:35,1
2017-07-07,16:53:28,7
2017-07-07,17:06:13,1
2017-07-07,17:08:14,6
2017-07-07,17:16:36,2
2017-07-07,17:21:54,1
2017-07-07,17:26:59,1
2017-07-07,17:29:49,3
2017-07-07,17:42:47,68
2017-07-07,19:05:34,4
2017-07-07,19:28:59,1
2017-07-07,19:39:54,1
2017-07-07,19:42:05,3
2017-07-07,19:50:27,8
2017-07-07,20:07:17,4
2017-07-07,20:15:50,14
2017-07-07,21:19:36,20
2017-07-07,21:42:32,2
2017-07-07,21:47:24,1
2017-07-07,21:49:44,1
2017-07-07,21:52:21,2
2017-07-07,22:06:18,4
2017-07-07,22:36:16,4
2017-07-07,22:55:19,2
2017-07-07,23:24:36,1
2017-07-07,23:27:26,10
2017-07-07,23:41:20,5
2017-07-06,09:20:05,7
2017-07-06,09:50:57,3
2017-07-06,10:16:00,2
2017-07-06,12:34:16,1
2017-07-06,14:50:49,107
2017-07-06,16:45:02,1
2017-07-06,17:36:18,3
2017-07-06,17:41:21,1
2017-07-06,17:49:31,1
2017-07-06,18:14:38,1
2017-07-06,18:17:25,9
2017-07-06,18:34:18,3
2017-07-06,18:48:31,6
2017-07-06,19:03:23,6
2017-07-06,19:18:50,14
2017-07-06,19:52:39,3
2017-07-06,19:58:30,10
2017-07-06,20:19:08,11
2017-07-06,20:33:30,6
2017-07-06,20:45:10,8
2017-07-06,21:00:24,18
2017-07-06,21:39:09,1
2017-07-06,22:25:34,1
2017-07-06,22:32:23,2
2017-07-06,23:24:44,19
2017-07-06,23:44:53,1
2017-07-06,23:47:10,1
2017-07-05,00:03:58,40
2017-07-05,00:57:42,14
2017-07-05,01:18:38,13
2017-07-05,01:38:18,3
2017-07-05,01:44:16,6
2017-07-05,01:52:19,1
2017-07-05,01:56:48,2
2017-07-05,08:58:31,3
2017-07-05,09:20:25,3
2017-07-05,09:59:30,2
2017-07-05,10:07:07,10
2017-07-05,12:21:54,1
2017-07-05,12:45:38,1
2017-07-05,12:47:57,1
2017-07-05,13:00:25,1
2017-07-05,13:44:56,4
2017-07-05,15:38:18,2
2017-07-05,15:51:34,2
2017-07-05,16:04:11,1
2017-07-05,16:11:45,1
2017-07-05,16:32:02,1
2017-07-05,16:45:27,3
2017-07-05,17:45:10,3
2017-07-05,17:57:25,1
2017-07-05,18:49:36,2
2017-07-05,19:23:12,5
2017-07-05,21:04:57,3
2017-07-05,21:10:47,12
2017-07-05,21:24:59,5
2017-07-05,21:33:52,2
2017-07-05,21:37:53,10
2017-07-05,23:50:00,1
2017-07-04,00:31:59,25
2017-07-04,01:39:50,7
2017-07-04,04:12:00,22
2017-07-04,08:42:01,13
2017-07-04,09:12:43,18
2017-07-04,12:33:24,1
2017-07-04,12:35:58,22
2017-07-04,13:08:05,1
2017-07-04,13:40:28,4
2017-07-04,13:46:39,3
2017-07-04,13:50:41,2
2017-07-04,13:59:19,2
2017-07-04,14:07:33,3
2017-07-04,14:11:57,4
2017-07-04,14:20:02,26
2017-07-04,15:01:18,2
2017-07-04,15:05:15,2
2017-07-04,15:14:18,34
2017-07-04,15:51:40,12
2017-07-04,18:58:40,2
2017-07-04,19:16:20,10
2017-07-04,19:27:47,2
2017-07-04,19:30:52,3
2017-07-04,19:43:01,1
2017-07-04,19:48:54,4
2017-07-04,20:02:18,1
2017-07-04,20:18:02,1
2017-07-04,20:48:27,2
2017-07-04,21:31:12,1
2017-07-04,21:47:22,1
2017-07-04,22:05:40,1
2017-07-04,22:12:09,1
2017-07-04,22:25:43,1
2017-07-04,22:29:06,15
2017-07-04,23:00:27,1
2017-07-04,23:30:11,4
2017-07-04,23:37:43,1
2017-07-04,23:51:52,5
2017-07-03,08:30:03,1
2017-07-03,09:09:27,1
2017-07-03,09:27:50,1
2017-07-03,09:39:51,3
2017-07-03,11:37:47,1
2017-07-03,11:41:54,23
2017-07-03,14:29:32,2
2017-07-03,14:48:44,1
2017-07-03,14:53:40,1
2017-07-03,15:02:24,2
2017-07-03,15:09:50,6
2017-07-03,16:14:58,11
2017-07-03,17:55:34,9
2017-07-03,18:26:33,2
2017-07-03,18:36:23,8
2017-07-03,18:55:02,1
2017-07-03,19:10:13,1
2017-07-03,19:18:20,1
2017-07-03,19:23:58,2
2017-07-03,19:28:09,1
2017-07-03,19:35:03,4
2017-07-03,19:41:11,2
2017-07-03,19:46:34,8
2017-07-03,19:57:26,2
2017-07-03,20:01:15,3
2017-07-03,20:06:24,8
2017-07-03,20:18:09,2
2017-07-03,22:54:48,1
2017-07-02,00:30:07,6
2017-07-02,00:40:16,1
2017-07-02,00:42:35,3
2017-07-02,00:49:08,1
2017-07-02,01:37:11,2
2017-07-02,01:41:37,1
2017-07-02,01:47:24,3
2017-07-02,02:04:03,30
2017-07-02,11:23:47,1
2017-07-02,11:37:11,6
2017-07-02,11:51:06,2
2017-07-02,12:11:59,2
2017-07-02,12:38:50,3
2017-07-02,15:03:18,3
2017-07-02,15:22:56,3
2017-07-02,17:04:31,1
2017-07-02,17:21:17,50
2017-07-02,18:14:12,65
2017-07-02,19:20:46,19
2017-07-02,19:46:46,1
2017-07-02,19:54:51,11
2017-07-02,20:09:41,5
2017-07-02,20:27:03,1
2017-07-02,20:30:11,13
2017-07-02,22:26:15,20
2017-07-02,23:18:20,1
2017-07-01,02:58:16,19
2017-07-01,11:45:20,5
2017-07-01,12:27:13,28
2017-07-01,13:02:07,10
2017-07-01,13:13:24,18
2017-07-01,13:42:14,2
2017-07-01,13:57:33,1
2017-07-01,14:00:11,1
2017-07-01,14:21:30,2
2017-07-01,14:34:17,4
2017-07-01,14:42:16,1
2017-07-01,15:11:50,1
2017-07-01,16:06:02,1
2017-07-01,16:09:11,6
2017-07-01,16:18:24,3
2017-07-01,16:26:41,1
2017-07-01,16:29:31,4
2017-07-01,16:59:55,2
2017-07-01,17:08:29,1
2017-07-01,17:12:46,1
2017-07-01,17:19:02,2
2017-07-01,17:22:44,1
2017-07-01,17:25:21,1
2017-07-01,17:27:27,2
2017-07-01,18:46:04,3
2017-07-01,18:55:15,5
2017-07-01,19:04:43,1
2017-07-01,19:08:38,6
2017-07-01,19:16:20,3
2017-07-01,19:21:24,5
2017-07-01,19:31:22,2
2017-07-01,19:41:15,6
2017-07-01,19:50:43,2
2017-07-01,20:09:18,1
2017-07-01,20:21:53,1
2017-07-01,20:24:11,1
2017-07-01,20:58:07,1
2017-07-01,21:10:51,2
2017-07-01,21:22:40,1
2017-07-01,21:24:57,3
2017-07-01,21:29:56,11
2017-07-01,21:42:08,31
2017-07-01,22:17:39,2
2017-07-01,22:23:34,11
2017-07-01,22:38:17,3
2017-06-30,09:09:39,1
2017-06-30,09:28:12,4
2017-06-30,10:20:04,1
2017-06-30,10:22:39,2
2017-06-30,10:31:02,1
2017-06-30,10:40:22,1
2017-06-30,10:49:26,7
2017-06-30,10:58:03,4
2017-06-30,12:19:52,1
2017-06-30,12:26:43,1
2017-06-30,12:31:27,1
2017-06-30,12:49:55,5
2017-06-30,13:24:08,3
2017-06-30,14:04:22,1
2017-06-30,14:32:16,1
2017-06-30,16:02:32,8
2017-06-30,17:04:59,1
2017-06-30,17:07:37,1
2017-06-30,17:16:23,1
2017-06-30,17:32:01,10
2017-06-30,18:00:42,1
2017-06-30,18:05:31,4
2017-06-30,18:42:44,2
2017-06-30,18:57:02,1
2017-06-30,19:03:57,1
2017-06-30,21:32:07,12
2017-06-30,22:05:42,2
2017-06-29,01:03:34,11
2017-06-29,09:09:38,2
2017-06-29,09:38:14,3
2017-06-29,09:46:01,1
2017-06-29,10:10:28,24
2017-06-29,10:37:03,2
2017-06-29,12:01:12,2
2017-06-29,12:30:39,1
2017-06-29,12:45:07,11
2017-06-29,13:45:36,6
2017-06-29,13:59:14,19
2017-06-29,16:31:57,3
2017-06-29,16:35:59,13
2017-06-29,16:53:37,8
2017-06-29,17:04:40,1
2017-06-29,17:21:00,9
2017-06-29,17:52:31,9
2017-06-29,18:03:53,8
2017-06-29,20:41:02,3
2017-06-29,20:52:59,5
2017-06-29,21:08:20,4
2017-06-29,21:46:37,6
2017-06-28,09:48:02,1
2017-06-28,09:57:49,4
2017-06-28,10:20:25,2
2017-06-28,10:38:40,2
2017-06-28,10:44:12,3
2017-06-28,10:50:58,1
2017-06-28,10:59:57,1
2017-06-28,11:02:37,1
2017-06-28,11:10:31,1
2017-06-28,11:13:01,5
2017-06-28,11:33:09,1
2017-06-28,11:42:19,1
2017-06-28,12:18:01,1
2017-06-28,12:25:48,1
2017-06-28,12:28:42,2
2017-06-28,12:33:51,18
2017-06-28,13:04:29,2
2017-06-28,13:32:45,9
2017-06-28,13:58:15,1
2017-06-28,14:15:29,10
2017-06-28,14:32:11,5
2017-06-28,15:12:33,1
2017-06-28,16:17:53,1
2017-06-28,16:49:42,5
2017-06-28,16:56:10,1
2017-06-28,16:59:34,1
2017-06-28,17:02:14,2
2017-06-28,17:06:00,4
2017-06-28,17:25:37,4
2017-06-28,17:32:19,1
2017-06-28,17:37:31,1
2017-06-28,18:07:11,39
2017-06-28,19:47:58,1
2017-06-27,04:33:31,9
2017-06-27,09:25:19,1
2017-06-27,09:58:48,1
2017-06-27,10:07:55,2
2017-06-27,10:14:51,3
2017-06-27,10:42:37,1
2017-06-27,11:06:17,12
2017-06-27,12:28:05,1
2017-06-27,13:28:11,1
2017-06-27,14:38:39,8
2017-06-27,15:30:16,38
2017-06-27,16:11:00,1
2017-06-27,16:16:29,1
2017-06-27,16:19:12,2
2017-06-27,16:29:45,3
2017-06-27,16:36:50,4
2017-06-27,16:44:20,1
2017-06-27,16:51:28,2
2017-06-27,16:56:33,2
2017-06-27,17:00:34,1
2017-06-27,17:03:35,1
2017-06-27,17:08:48,1
2017-06-27,17:10:52,1
2017-06-27,19:15:32,1
2017-06-27,21:34:54,2
2017-06-27,21:46:29,3
2017-06-27,21:53:11,1
2017-06-27,21:59:00,8
2017-06-27,22:22:41,2
2017-06-26,00:00:23,12
2017-06-26,01:21:36,24
2017-06-26,08:26:25,3
2017-06-26,09:16:33,1
2017-06-26,09:20:12,3
2017-06-26,09:51:37,5
2017-06-26,10:31:56,1
2017-06-26,11:03:05,1
2017-06-26,12:02:11,1
2017-06-26,12:04:59,9
2017-06-26,12:27:43,8
2017-06-26,13:01:12,1
2017-06-26,13:37:05,3
2017-06-26,16:56:22,1
2017-06-26,17:53:59,1
2017-06-26,17:57:49,2
2017-06-26,18:08:10,1
2017-06-26,18:49:27,8
2017-06-26,19:03:44,4
2017-06-26,19:13:38,1
2017-06-26,19:17:29,9
2017-06-26,19:28:18,15
2017-06-26,19:56:19,5
2017-06-26,20:03:14,1
2017-06-26,20:32:37,1
2017-06-26,21:06:12,1
2017-06-26,23:00:22,4
2017-06-25,01:14:46,1
2017-06-25,01:18:23,11
2017-06-25,01:32:19,2
2017-06-25,01:35:20,5
2017-06-25,01:42:14,3
2017-06-25,03:32:33,1
2017-06-25,12:20:20,23
2017-06-25,12:44:24,23
2017-06-25,13:36:31,57
2017-06-25,14:37:44,1
2017-06-25,14:40:43,1
2017-06-25,14:46:40,1
2017-06-25,14:49:13,2
2017-06-25,14:52:40,1
2017-06-25,14:58:04,7
2017-06-25,15:07:34,4
2017-06-25,15:38:27,2
2017-06-25,15:48:50,5
2017-06-25,15:56:55,3
2017-06-25,17:44:34,1
2017-06-25,17:48:34,2
2017-06-25,17:52:30,1
2017-06-25,17:58:14,2
2017-06-25,18:01:40,1
2017-06-25,18:06:19,1
2017-06-25,18:14:55,15
2017-06-25,18:54:45,1
2017-06-25,18:58:43,3
2017-06-25,19:43:21,3
2017-06-25,19:47:45,2
2017-06-25,19:54:06,1
2017-06-25,20:17:41,1
2017-06-25,20:21:33,2
2017-06-25,20:40:47,3
2017-06-25,20:45:24,1
2017-06-25,22:11:13,1
2017-06-25,23:58:23,2
2017-06-24,11:23:01,21
2017-06-24,11:49:16,7
2017-06-24,13:01:06,5
2017-06-24,13:08:54,1
2017-06-24,13:14:23,3
2017-06-24,14:29:31,7
2017-06-24,14:41:41,8
2017-06-24,16:04:30,1
2017-06-24,16:08:32,2
2017-06-24,16:53:10,2
2017-06-24,17:06:49,1
2017-06-24,17:18:46,1
2017-06-24,17:27:51,3
2017-06-24,17:35:29,1
2017-06-24,17:38:55,4
2017-06-24,17:44:08,1
2017-06-24,17:47:44,3
2017-06-24,17:53:22,1
2017-06-24,18:02:33,4
2017-06-24,18:09:42,2
2017-06-24,18:19:49,18
2017-06-24,18:54:50,4
2017-06-24,19:02:03,18
2017-06-24,19:21:52,2
2017-06-24,19:44:20,23
2017-06-24,20:11:35,1
2017-06-24,20:14:10,3
2017-06-24,20:27:14,13
2017-06-23,00:18:19,13
2017-06-23,00:33:21,4
2017-06-23,00:39:12,1
2017-06-23,01:01:58,4
2017-06-23,08:11:14,18
2017-06-23,09:28:24,5
2017-06-23,09:57:46,5
2017-06-23,10:08:36,22
2017-06-23,10:32:25,51
2017-06-23,13:16:19,4
2017-06-23,13:24:46,2
2017-06-23,13:28:41,1
2017-06-23,13:39:31,17
2017-06-23,14:14:03,1
2017-06-23,14:21:37,7
2017-06-23,15:06:10,1
2017-06-23,15:11:24,1
2017-06-23,15:16:57,2
2017-06-23,15:21:11,21
2017-06-23,15:52:19,8
2017-06-23,17:29:57,3
2017-06-23,17:37:53,9
2017-06-23,17:57:50,1
2017-06-23,19:19:54,3
2017-06-23,19:36:34,1
2017-06-23,19:51:23,2
2017-06-23,20:32:49,2
2017-06-23,20:47:25,1
2017-06-23,21:02:07,10
2017-06-23,21:22:35,2
2017-06-23,21:57:05,1
2017-06-23,22:02:13,1
2017-06-23,22:43:09,4
2017-06-22,03:53:30,29
2017-06-22,08:12:58,7
2017-06-22,09:05:59,3
2017-06-22,09:15:01,1
2017-06-22,09:18:24,1
2017-06-22,09:28:05,1
2017-06-22,09:39:38,1
2017-06-22,09:49:18,1
2017-06-22,10:30:18,3
2017-06-22,11:03:36,1
2017-06-22,11:07:35,1
2017-06-22,11:10:21,4
2017-06-22,11:16:33,1
2017-06-22,12:01:00,2
2017-06-22,13:06:17,6
2017-06-22,13:22:28,1
2017-06-22,13:24:30,1
2017-06-22,15:05:22,8
2017-06-22,17:02:26,1
2017-06-22,17:53:05,2
2017-06-22,17:57:48,1
2017-06-22,18:23:14,7
2017-06-22,18:36:34,8
2017-06-22,18:51:41,14
2017-06-22,19:26:32,9
2017-06-22,19:54:02,7
2017-06-22,20:02:58,1
2017-06-22,20:07:06,15
2017-06-22,20:32:24,4
2017-06-22,22:39:10,1
2017-06-21,00:10:35,18
2017-06-21,00:47:52,3
2017-06-21,00:53:42,1
2017-06-21,05:04:20,8
2017-06-21,05:46:28,1
2017-06-21,06:07:08,1
2017-06-21,06:27:55,12
2017-06-21,09:23:49,1
2017-06-21,09:27:50,2
2017-06-21,09:59:26,1
2017-06-21,10:13:36,6
2017-06-21,11:16:03,1
2017-06-21,11:19:12,1
2017-06-21,12:13:47,4
2017-06-21,12:22:40,4
2017-06-21,12:28:49,1
2017-06-21,12:40:07,16
2017-06-21,13:53:40,1
2017-06-21,14:29:41,1
2017-06-21,14:37:59,1
2017-06-21,15:48:03,4
2017-06-21,16:19:12,1
2017-06-21,16:45:24,5
2017-06-21,17:41:43,1
2017-06-21,17:46:09,2
2017-06-21,17:50:06,3
2017-06-21,18:00:05,1
2017-06-21,18:05:42,22
2017-06-21,18:30:51,9
2017-06-21,18:41:10,1
2017-06-21,18:57:02,1
2017-06-21,19:00:57,17
2017-06-21,19:24:56,73
2017-06-21,20:57:54,3
2017-06-21,23:02:12,1
2017-06-21,23:06:22,6
2017-06-21,23:16:52,27
2017-06-20,00:22:51,7
2017-06-20,00:46:38,1
2017-06-20,09:09:48,2
2017-06-20,09:20:09,2
2017-06-20,09:51:07,1
2017-06-20,10:13:43,2
2017-06-20,10:40:59,5
2017-06-20,11:34:18,2
2017-06-20,12:48:02,1
2017-06-20,12:59:16,1
2017-06-20,13:01:19,3
2017-06-20,13:05:32,2
2017-06-20,13:16:33,2
2017-06-20,13:34:25,1
2017-06-20,14:08:25,1
2017-06-20,14:13:39,8
2017-06-20,14:26:45,2
2017-06-20,14:36:19,14
2017-06-20,15:05:06,1
2017-06-20,15:18:56,2
2017-06-20,15:23:19,9
2017-06-20,15:33:58,2
2017-06-20,15:42:55,1
2017-06-20,15:47:50,1
2017-06-20,15:55:07,1
2017-06-20,16:00:58,1
2017-06-20,16:03:17,3
2017-06-20,16:14:07,1
2017-06-20,16:22:22,6
2017-06-20,16:38:39,156
2017-06-20,19:17:12,1
2017-06-20,23:04:25,1
2017-06-20,23:33:34,2
2017-06-19,00:20:04,11
2017-06-19,10:16:27,2
2017-06-19,11:13:42,6
2017-06-19,11:25:52,1
2017-06-19,11:53:50,1
2017-06-19,12:22:55,14
2017-06-19,13:15:16,1
2017-06-19,13:32:00,5
2017-06-19,13:56:32,1
2017-06-19,15:16:40,1
2017-06-19,15:23:34,8
2017-06-19,15:53:30,2
2017-06-19,15:58:16,1
2017-06-19,16:06:27,3
2017-06-19,16:11:23,9
2017-06-19,16:31:46,3
2017-06-19,16:46:19,1
2017-06-19,17:25:25,1
2017-06-19,17:40:48,1
2017-06-19,17:56:57,1
2017-06-19,18:00:19,1
2017-06-19,18:05:08,1
2017-06-19,18:07:27,1
2017-06-19,18:13:17,1
2017-06-19,18:15:22,2
2017-06-19,18:32:14,1
2017-06-19,20:12:30,5
2017-06-19,21:01:13,1
2017-06-19,21:43:19,5
2017-06-19,22:04:40,74
2017-06-19,23:19:52,1
2017-06-19,23:42:39,1
2017-06-18,10:40:07,3
2017-06-18,13:32:13,1
2017-06-18,14:16:27,16
2017-06-18,14:36:35,40
2017-06-18,15:21:46,4
2017-06-18,15:27:20,11
2017-06-18,15:46:13,10
2017-06-18,16:02:16,22
2017-06-18,16:29:53,1
2017-06-18,16:37:16,1
2017-06-18,16:42:29,1
2017-06-18,16:46:12,2
2017-06-18,16:49:33,1
2017-06-18,16:52:50,6
2017-06-18,17:04:18,1
2017-06-18,17:06:42,4
2017-06-18,18:15:45,1
2017-06-18,18:24:33,3
2017-06-18,18:32:14,7
2017-06-18,18:44:31,1
2017-06-18,18:47:43,8
2017-06-18,19:12:51,6
2017-06-18,19:20:06,17
2017-06-18,19:38:12,2
2017-06-18,21:21:19,3
2017-06-18,21:31:51,2
2017-06-18,22:07:19,1
2017-06-18,22:16:20,28
2017-06-18,22:59:24,1
2017-06-18,23:29:44,4
2017-06-18,23:37:55,1
2017-06-17,00:00:14,3
2017-06-17,00:04:38,32
2017-06-17,09:13:14,9
2017-06-17,09:47:08,18
2017-06-17,10:19:18,16
2017-06-17,10:36:58,14
2017-06-17,11:19:08,2
2017-06-17,11:25:22,26
2017-06-17,12:09:12,8
2017-06-17,12:21:10,1
2017-06-17,12:24:34,5
2017-06-17,12:30:39,2
2017-06-17,12:37:23,1
2017-06-17,12:46:51,6
2017-06-17,12:58:51,5
2017-06-17,13:09:01,10
2017-06-17,13:20:31,1
2017-06-17,13:25:46,1
2017-06-17,13:28:07,3
2017-06-17,13:32:11,1
2017-06-17,13:47:19,5
2017-06-17,13:53:45,1
2017-06-17,13:55:58,3
2017-06-17,14:02:41,1
2017-06-17,14:10:57,2
2017-06-17,14:23:23,7
2017-06-17,14:40:51,6
2017-06-17,14:48:45,2
2017-06-17,14:54:31,3
2017-06-17,15:02:57,5
2017-06-17,15:17:26,3
2017-06-17,15:21:30,3
2017-06-17,15:32:40,1
2017-06-17,15:35:40,3
2017-06-17,15:50:10,4
2017-06-17,15:57:33,24
2017-06-17,16:24:12,3
2017-06-17,16:29:04,4
2017-06-17,16:38:50,12
2017-06-17,16:53:40,10
2017-06-17,18:08:04,1
2017-06-17,18:10:16,1
2017-06-17,18:12:58,2
2017-06-17,18:21:26,2
2017-06-17,18:43:22,1
2017-06-17,18:54:58,5
2017-06-17,19:01:37,1
2017-06-17,19:08:10,8
2017-06-17,20:22:12,2
2017-06-17,20:53:06,3
2017-06-17,21:56:30,4
2017-06-16,09:14:54,4
2017-06-16,10:05:31,15
2017-06-16,10:24:50,1
2017-06-16,10:30:03,8
2017-06-16,12:33:45,1
2017-06-16,12:53:08,24
2017-06-16,13:52:03,1
2017-06-16,14:00:46,24
2017-06-16,14:31:58,40
2017-06-16,15:13:18,7
2017-06-16,15:45:39,2
2017-06-16,16:18:22,2
2017-06-16,16:22:10,9
2017-06-16,16:43:45,6
2017-06-16,16:58:42,2
2017-06-16,17:03:10,24
2017-06-16,17:28:38,1
2017-06-16,17:31:28,14
2017-06-16,17:58:09,2
2017-06-16,18:02:38,10
2017-06-16,18:31:23,1
2017-06-16,18:37:04,2
2017-06-16,18:41:18,1
2017-06-16,18:51:57,1
2017-06-16,18:57:49,1
2017-06-16,19:09:01,1
2017-06-16,21:51:33,2
2017-06-16,23:12:58,4
2017-06-16,23:20:38,4
2017-06-16,23:44:14,16
2017-06-15,02:18:23,1
2017-06-15,03:12:03,15
2017-06-15,09:39:39,5
2017-06-15,10:01:28,1
2017-06-15,10:18:08,3
2017-06-15,12:13:10,5
2017-06-15,12:21:41,3
2017-06-15,12:30:23,2
2017-06-15,12:45:20,3
2017-06-15,12:51:14,4
2017-06-15,13:02:59,6
2017-06-15,13:13:30,1
2017-06-15,13:47:25,1
2017-06-15,14:05:28,1
2017-06-15,14:15:31,3
2017-06-15,14:31:02,2
2017-06-15,14:43:27,4
2017-06-15,15:12:38,1
2017-06-15,16:31:35,3
2017-06-15,16:46:04,1
2017-06-15,16:49:55,3
2017-06-15,18:40:51,1
2017-06-15,18:44:37,20
2017-06-15,19:14:57,6
2017-06-15,19:22:24,7
2017-06-15,19:32:03,10
2017-06-15,19:43:58,1
2017-06-15,19:59:05,7
2017-06-15,20:30:01,6
2017-06-15,20:42:32,2
2017-06-15,20:53:58,13
2017-06-15,21:24:58,1
2017-06-15,21:56:43,2
2017-06-15,22:02:36,1
2017-06-15,22:13:11,10
2017-06-15,22:34:37,2
2017-06-15,22:47:32,27
2017-06-15,23:17:02,15
2017-06-14,06:14:07,21
2017-06-14,09:25:20,19
2017-06-14,10:10:00,2
2017-06-14,10:19:42,10
2017-06-14,10:31:46,1
2017-06-14,10:52:32,3
2017-06-14,11:13:20,5
2017-06-14,12:06:37,3
2017-06-14,12:19:42,1
2017-06-14,12:22:52,13
2017-06-14,13:14:21,1
2017-06-14,14:50:23,7
2017-06-14,15:00:04,2
2017-06-14,15:20:42,1
2017-06-14,15:55:11,1
2017-06-14,16:12:06,1
2017-06-14,17:14:07,1
2017-06-14,17:53:22,2
2017-06-14,18:00:18,2
2017-06-14,18:05:48,1
2017-06-14,18:12:55,2
2017-06-14,18:18:07,1
2017-06-14,19:53:11,20
2017-06-14,20:52:21,9
2017-06-14,21:55:51,33
2017-06-14,22:42:53,28
2017-06-13,09:33:35,18
2017-06-13,10:05:44,1
2017-06-13,10:31:13,3
2017-06-13,12:50:34,2
2017-06-13,12:54:21,1
2017-06-13,16:04:58,13
2017-06-13,17:22:57,1
2017-06-13,17:27:24,2
2017-06-13,17:31:44,1
2017-06-13,17:38:32,2
2017-06-13,17:57:42,2
2017-06-13,18:03:05,18
2017-06-13,18:56:52,11
2017-06-13,19:10:08,1
2017-06-13,19:13:35,5
2017-06-13,19:20:42,1
2017-06-13,19:42:16,33
2017-06-13,20:25:29,6
2017-06-13,20:34:37,14
2017-06-13,20:57:51,7
2017-06-13,21:12:13,3
2017-06-13,22:25:04,16
2017-06-13,22:46:21,34
2017-06-12,00:00:35,44
2017-06-12,00:47:38,18
2017-06-12,01:06:44,5
2017-06-12,04:04:48,1
2017-06-12,08:48:40,2
2017-06-12,08:56:09,1
2017-06-12,09:05:18,1
2017-06-12,10:42:40,2
2017-06-12,11:16:41,1
2017-06-12,11:20:30,3
2017-06-12,13:27:35,2
2017-06-12,13:54:28,1
2017-06-12,14:37:51,3
2017-06-12,15:46:00,1
2017-06-12,17:55:48,1
2017-06-12,17:59:47,4
2017-06-12,18:12:03,2
2017-06-12,18:21:03,1
2017-06-12,19:03:08,4
2017-06-12,21:00:59,61
2017-06-12,22:03:32,15
2017-06-12,22:25:15,39
2017-06-11,01:26:36,3
2017-06-11,01:34:12,6
2017-06-11,10:38:07,1
2017-06-11,14:14:50,11
2017-06-11,14:28:21,14
2017-06-11,15:10:59,18
2017-06-11,15:33:15,6
2017-06-11,15:42:31,2
2017-06-11,15:46:34,6
2017-06-11,15:54:16,1
2017-06-11,15:57:18,1
2017-06-11,15:59:54,2
2017-06-11,16:03:56,2
2017-06-11,16:41:24,1
2017-06-11,18:45:39,1
2017-06-11,19:05:52,1
2017-06-11,19:10:22,7
2017-06-11,19:25:12,1
2017-06-11,19:29:28,1
2017-06-11,19:34:33,5
2017-06-11,19:42:06,2
2017-06-11,19:47:16,1
2017-06-11,19:51:46,1
2017-06-11,19:54:04,38
2017-06-11,22:53:23,12
2017-06-11,23:08:08,2
2017-06-11,23:12:04,1
2017-06-11,23:14:31,4
2017-06-11,23:34:22,1
2017-06-11,23:52:15,1
2017-06-10,00:05:11,3
2017-06-10,00:10:38,2
2017-06-10,00:15:07,1
2017-06-10,00:21:03,1
2017-06-10,00:41:06,1
2017-06-10,00:46:28,9
2017-06-10,01:00:15,3
2017-06-10,01:04:50,8
2017-06-10,01:14:00,2
2017-06-10,01:21:35,2
2017-06-10,01:32:47,3
2017-06-10,01:42:40,4
2017-06-10,01:59:25,2
2017-06-10,02:03:11,4
2017-06-10,02:37:39,17
2017-06-10,04:18:32,2
2017-06-10,11:10:30,4
2017-06-10,12:47:46,21
2017-06-10,14:18:52,2
2017-06-10,14:34:52,1
2017-06-10,14:39:22,2
2017-06-10,14:45:01,38
2017-06-10,15:40:39,3
2017-06-10,16:04:01,1
2017-06-10,16:06:56,1
2017-06-10,16:14:46,1
2017-06-10,16:20:16,3
2017-06-10,16:31:15,1
2017-06-10,16:40:21,6
2017-06-10,16:48:35,1
2017-06-10,17:06:55,1
2017-06-10,17:14:33,1
2017-06-10,17:21:31,13
2017-06-10,18:07:45,1
2017-06-10,19:05:55,1
2017-06-10,19:28:09,1
2017-06-10,19:49:26,1
2017-06-10,20:00:31,2
2017-06-10,20:20:33,6
2017-06-10,20:44:02,1
2017-06-10,20:50:35,1
2017-06-10,20:54:05,1
2017-06-10,21:30:45,1
2017-06-10,21:34:59,4
2017-06-10,21:49:29,3
2017-06-10,22:03:46,2
2017-06-09,01:26:10,6
2017-06-09,04:49:32,2
2017-06-09,04:52:46,5
2017-06-09,08:30:22,1
2017-06-09,08:50:07,4
2017-06-09,08:55:24,3
2017-06-09,09:51:31,1
2017-06-09,10:05:36,2
2017-06-09,10:34:01,9
2017-06-09,11:04:29,2
2017-06-09,12:08:23,1
2017-06-09,12:13:19,13
2017-06-09,12:34:21,12
2017-06-09,13:12:48,1
2017-06-09,14:01:24,4
2017-06-09,15:42:53,1
2017-06-09,15:53:14,1
2017-06-09,16:20:28,19
2017-06-09,17:35:16,7
2017-06-09,18:18:07,3
2017-06-09,18:30:24,11
2017-06-09,18:43:24,1
2017-06-09,18:46:56,1
2017-06-09,19:04:51,5
2017-06-09,19:11:10,1
2017-06-09,19:22:18,1
2017-06-09,19:47:34,1
2017-06-09,19:50:05,9
2017-06-09,20:00:30,15
2017-06-09,22:58:56,2
2017-06-09,23:08:44,15
2017-06-09,23:27:05,1
2017-06-08,09:11:31,8
2017-06-08,10:31:31,4
2017-06-08,10:54:24,4
2017-06-08,11:01:23,1
2017-06-08,11:17:04,1
2017-06-08,12:06:50,2
2017-06-08,12:24:26,13
2017-06-08,13:14:34,1
2017-06-08,13:27:52,4
2017-06-08,14:14:07,1
2017-06-08,14:25:29,1
2017-06-08,14:28:13,1
2017-06-08,15:24:38,2
2017-06-08,15:42:22,2
2017-06-08,16:14:22,1
2017-06-08,17:06:30,1
2017-06-08,18:14:43,2
2017-06-08,18:31:14,1
2017-06-08,18:49:27,4
2017-06-08,18:57:29,5
2017-06-08,19:04:43,8
2017-06-08,19:15:21,11
2017-06-08,19:33:27,1
2017-06-08,19:50:34,4
2017-06-08,20:00:41,14
2017-06-08,20:19:02,1
2017-06-08,20:21:25,2
2017-06-08,22:56:52,1
2017-06-08,23:11:10,4
2017-06-07,09:19:11,3
2017-06-07,10:05:30,1
2017-06-07,10:12:20,2
2017-06-07,11:27:25,1
2017-06-07,11:38:25,14
2017-06-07,12:51:40,3
2017-06-07,12:57:11,1
2017-06-07,13:31:12,1
2017-06-07,14:20:22,1
2017-06-07,14:28:52,3
2017-06-07,15:59:12,1
2017-06-07,16:21:49,1
2017-06-07,16:26:03,1
2017-06-07,16:45:27,3
2017-06-07,17:49:58,1
2017-06-07,17:53:13,2
2017-06-07,17:58:41,1
2017-06-07,18:01:00,1
2017-06-07,18:21:31,1
2017-06-07,19:11:45,1
2017-06-07,20:26:03,1
2017-06-07,21:39:51,11
2017-06-07,21:54:06,1
2017-06-07,21:56:39,4
2017-06-07,22:18:24,6
2017-06-07,22:59:28,4
2017-06-06,00:35:16,57
2017-06-06,10:19:07,3
2017-06-06,10:35:41,2
2017-06-06,11:01:24,2
2017-06-06,11:10:37,1
2017-06-06,11:13:16,3
2017-06-06,14:44:46,9
2017-06-06,14:56:08,1
2017-06-06,15:58:05,1
2017-06-06,16:55:13,1
2017-06-06,17:27:55,2
2017-06-06,17:39:49,1
2017-06-06,18:02:18,4
2017-06-06,18:14:09,1
2017-06-06,18:17:07,2
2017-06-06,18:20:44,3
2017-06-06,18:30:25,2
2017-06-06,18:36:18,4
2017-06-06,18:48:56,2
2017-06-06,19:02:19,1
2017-06-06,19:06:17,1
2017-06-06,19:29:08,1
2017-06-06,19:49:09,3
2017-06-06,19:54:49,2
2017-06-06,19:59:45,1
2017-06-06,20:03:21,8
2017-06-06,20:22:18,1
2017-06-06,20:30:48,1
2017-06-06,21:06:06,1
2017-06-06,21:17:41,5
2017-06-06,22:02:00,2
2017-06-06,22:06:27,14
2017-06-06,22:23:00,1
2017-06-06,23:49:50,1
2017-06-05,00:03:26,4
2017-06-05,00:23:07,1
2017-06-05,10:06:43,1
2017-06-05,10:13:43,3
2017-06-05,11:08:54,4
2017-06-05,11:17:05,1
2017-06-05,12:11:52,5
2017-06-05,12:24:58,4
2017-06-05,12:31:29,4
2017-06-05,12:49:49,6
2017-06-05,14:33:37,1
2017-06-05,14:43:32,3
2017-06-05,15:06:07,1
2017-06-05,15:14:00,1
2017-06-05,15:46:30,1
2017-06-05,15:51:25,1
2017-06-05,15:57:29,4
2017-06-05,16:11:36,10
2017-06-05,16:23:03,1
2017-06-05,16:28:36,1
2017-06-05,16:31:59,2
2017-06-05,16:39:25,4
2017-06-05,16:45:03,16
2017-06-05,17:17:07,1
2017-06-05,17:38:01,2
2017-06-05,18:35:28,1
2017-06-05,18:44:39,2
2017-06-05,18:51:37,5
2017-06-05,19:31:09,2
2017-06-05,19:39:57,3
2017-06-05,19:52:05,1
2017-06-05,20:46:25,29
2017-06-05,22:53:11,15
2017-06-04,00:00:09,1
2017-06-04,00:02:28,1
2017-06-04,00:07:32,3
2017-06-04,00:17:37,13
2017-06-04,00:32:40,2
2017-06-04,00:37:52,16
2017-06-04,01:00:03,39
2017-06-04,01:42:23,16
2017-06-04,02:00:16,19
2017-06-04,02:22:08,14
2017-06-04,12:55:25,8
2017-06-04,13:10:15,18
2017-06-04,13:36:33,2
2017-06-04,13:41:46,3
2017-06-04,13:53:41,11
2017-06-04,14:09:54,4
2017-06-04,14:18:21,1
2017-06-04,14:22:20,4
2017-06-04,14:29:11,8
2017-06-04,14:56:34,1
2017-06-04,15:03:39,8
2017-06-04,15:21:34,1
2017-06-04,15:23:44,3
2017-06-04,15:30:18,1
2017-06-04,15:33:01,1
2017-06-04,15:38:54,14
2017-06-04,15:57:58,2
2017-06-04,16:01:00,1
2017-06-04,16:09:35,2
2017-06-04,16:14:14,1
2017-06-04,16:18:49,3
2017-06-04,16:31:17,5
2017-06-04,16:38:26,5
2017-06-04,16:45:13,1
2017-06-04,16:50:06,15
2017-06-04,17:09:12,3
2017-06-04,17:15:03,12
2017-06-04,17:29:42,3
2017-06-04,17:37:00,14
2017-06-04,18:16:14,1
2017-06-04,18:28:21,6
2017-06-04,19:00:49,1
2017-06-04,19:04:15,2
2017-06-04,19:25:52,3
2017-06-04,19:45:42,1
2017-06-04,19:48:49,14
2017-06-04,20:35:54,21
2017-06-04,21:04:24,2
2017-06-04,22:16:08,24
2017-06-04,22:42:47,26
2017-06-04,23:11:14,2
2017-06-03,00:50:08,1
2017-06-03,01:10:11,1
2017-06-03,01:41:48,8
2017-06-03,02:03:22,1
2017-06-03,02:29:24,3
2017-06-03,11:59:45,4
2017-06-03,12:12:20,2
2017-06-03,12:16:28,1
2017-06-03,12:46:01,5
2017-06-03,12:52:22,1
2017-06-03,12:54:37,2
2017-06-03,13:14:04,1
2017-06-03,13:47:45,8
2017-06-03,14:02:33,14
2017-06-03,15:21:45,27
2017-06-03,16:50:17,7
2017-06-03,17:02:48,5
2017-06-03,17:39:18,36
2017-06-03,18:18:14,6
2017-06-03,18:25:51,1
2017-06-03,18:29:32,2
2017-06-03,18:36:52,2
2017-06-03,18:41:56,2
2017-06-03,18:45:50,1
2017-06-03,18:57:13,2
2017-06-03,19:16:07,2
2017-06-03,19:23:49,3
2017-06-03,19:27:54,1
2017-06-03,19:52:08,3
2017-06-03,19:57:50,5
2017-06-03,20:04:01,16
2017-06-03,20:22:10,2
2017-06-03,20:29:28,9
2017-06-03,20:43:00,1
2017-06-03,20:46:12,1
2017-06-03,20:49:25,1
2017-06-03,21:07:30,5
2017-06-03,22:06:46,5
2017-06-03,22:19:38,1
2017-06-03,22:28:35,5
2017-06-03,22:36:02,1
2017-06-03,22:38:17,1
2017-06-03,22:49:04,2
2017-06-03,22:52:26,3
2017-06-03,22:58:19,1
2017-06-03,23:06:05,4
2017-06-03,23:20:18,1
2017-06-03,23:24:06,1
2017-06-03,23:33:46,1
2017-06-03,23:38:21,10
2017-06-02,01:27:15,17
2017-06-02,01:56:26,1
2017-06-02,02:13:42,10
2017-06-02,08:24:02,1
2017-06-02,08:51:59,1
2017-06-02,08:59:07,1
2017-06-02,09:04:25,3
2017-06-02,09:16:10,1
2017-06-02,09:19:04,1
2017-06-02,09:21:06,10
2017-06-02,09:33:22,2
2017-06-02,09:37:39,1
2017-06-02,09:43:13,3
2017-06-02,10:21:42,1
2017-06-02,11:04:55,1
2017-06-02,12:03:10,2
2017-06-02,12:07:14,10
2017-06-02,12:52:15,3
2017-06-02,13:07:08,1
2017-06-02,13:40:43,6
2017-06-02,13:49:56,1
2017-06-02,13:56:19,6
2017-06-02,14:12:49,3
2017-06-02,14:25:01,9
2017-06-02,14:41:59,9
2017-06-02,14:57:37,6
2017-06-02,15:41:12,1
2017-06-02,15:47:11,1
2017-06-02,16:17:26,1
2017-06-02,17:15:35,9
2017-06-02,17:29:13,10
2017-06-02,17:41:43,2
2017-06-02,17:46:19,20
2017-06-02,18:09:04,8
2017-06-02,18:20:22,3
2017-06-02,18:27:07,2
2017-06-02,18:38:32,9
2017-06-02,18:56:05,7
2017-06-02,19:06:15,5
2017-06-02,19:15:17,8
2017-06-02,19:29:31,2
2017-06-02,19:44:04,6
2017-06-02,19:55:09,2
2017-06-02,19:59:31,2
2017-06-02,20:03:19,10
2017-06-02,20:16:18,66
2017-06-02,21:27:05,2
2017-06-02,21:39:42,1
2017-06-02,21:51:48,10
2017-06-02,22:03:35,1
2017-06-02,22:07:48,2
2017-06-02,22:16:59,1
2017-06-02,22:34:29,46
2017-06-01,07:57:30,3
2017-06-01,09:09:37,1
2017-06-01,09:34:09,1
2017-06-01,09:49:10,2
2017-06-01,10:07:26,2
2017-06-01,10:41:39,1
2017-06-01,11:03:30,2
2017-06-01,11:56:49,2
2017-06-01,12:11:13,2
2017-06-01,12:27:36,1
2017-06-01,13:15:34,1
2017-06-01,13:31:54,1
2017-06-01,13:35:06,3
2017-06-01,14:59:42,3
2017-06-01,15:05:14,4
2017-06-01,15:17:23,11
2017-06-01,16:27:44,3
2017-06-01,17:44:42,1
2017-06-01,17:52:47,1
2017-06-01,18:11:54,2
2017-06-01,18:29:37,6
2017-06-01,18:42:23,1
2017-06-01,19:43:27,1
2017-06-01,20:22:43,2
2017-06-01,20:26:54,1
2017-06-01,20:42:10,1
2017-06-01,20:56:55,9
2017-06-01,22:55:04,2
2017-06-01,23:08:38,1
2017-06-01,23:23:46,6
2017-05-31,00:08:37,2
2017-05-31,02:36:58,4
2017-05-31,02:42:07,2
2017-05-31,02:50:47,2
2017-05-31,10:07:57,1
2017-05-31,10:21:52,12
2017-05-31,10:37:32,3
2017-05-31,10:50:28,1
2017-05-31,10:59:50,5
2017-05-31,11:12:38,1
2017-05-31,11:38:41,1
2017-05-31,11:50:06,1
2017-05-31,12:15:29,2
2017-05-31,12:33:07,1
2017-05-31,12:53:01,7
2017-05-31,13:10:02,1
2017-05-31,13:31:43,2
2017-05-31,14:39:46,1
2017-05-31,15:15:06,1
2017-05-31,17:28:38,1
2017-05-31,17:39:21,1
2017-05-31,17:44:21,2
2017-05-31,17:50:44,2
2017-05-31,17:55:17,1
2017-05-31,18:04:02,17
2017-05-31,18:24:59,4
2017-05-31,18:31:01,2
2017-05-31,19:43:03,5
2017-05-31,19:49:23,3
2017-05-31,19:57:46,2
2017-05-31,20:32:12,2
2017-05-31,20:40:51,1
2017-05-31,20:45:09,1
2017-05-31,20:58:19,1
2017-05-31,22:43:17,1
2017-05-30,01:18:28,8
2017-05-30,01:57:06,45
2017-05-30,08:36:52,1
2017-05-30,08:43:33,1
2017-05-30,09:19:20,2
2017-05-30,09:44:18,1
2017-05-30,09:52:01,1
2017-05-30,10:17:53,4
2017-05-30,10:52:30,10
2017-05-30,11:05:30,6
2017-05-30,11:35:21,8
2017-05-30,11:55:51,1
2017-05-30,12:13:24,1
2017-05-30,12:16:14,5
2017-05-30,12:29:40,3
2017-05-30,12:36:58,1
2017-05-30,12:41:37,1
2017-05-30,12:50:13,2
2017-05-30,12:55:08,3
2017-05-30,13:11:45,1
2017-05-30,14:20:16,4
2017-05-30,14:29:03,1
2017-05-30,15:45:12,2
2017-05-30,16:30:23,1
2017-05-30,16:32:53,2
2017-05-30,16:35:58,8
2017-05-30,16:49:35,1
2017-05-30,17:08:57,1
2017-05-30,17:50:59,1
2017-05-30,18:04:08,5
2017-05-30,18:16:37,2
2017-05-30,18:27:06,1
2017-05-30,18:54:53,2
2017-05-30,18:57:54,2
2017-05-30,19:23:29,4
2017-05-30,19:36:58,3
2017-05-30,20:20:21,1
2017-05-30,21:12:31,1
2017-05-30,22:50:54,1
2017-05-30,23:35:21,1
2017-05-29,00:00:51,3
2017-05-29,02:49:20,1
2017-05-29,02:55:41,21
2017-05-29,03:18:21,170
2017-05-29,09:30:59,10
2017-05-29,12:22:01,1
2017-05-29,12:32:43,5
2017-05-29,12:52:56,1
2017-05-29,13:09:33,1
2017-05-29,13:11:51,3
2017-05-29,13:18:53,2
2017-05-29,13:22:44,9
2017-05-29,13:38:48,3
2017-05-29,13:51:09,4
2017-05-29,13:58:09,8
2017-05-29,14:08:02,27
2017-05-29,14:41:20,1
2017-05-29,14:50:25,2
2017-05-29,14:54:45,1
2017-05-29,14:57:02,1
2017-05-29,15:17:03,1
2017-05-29,15:25:27,7
2017-05-29,15:47:21,1
2017-05-29,16:17:49,1
2017-05-29,16:20:03,1
2017-05-29,16:24:16,7
2017-05-29,16:36:05,3
2017-05-29,16:41:06,10
2017-05-29,16:58:26,1
2017-05-29,17:35:58,4
2017-05-29,17:58:17,7
2017-05-29,18:07:52,15
2017-05-29,18:27:27,19
2017-05-29,19:05:03,3
2017-05-29,19:11:27,4
2017-05-29,19:18:31,2
2017-05-29,19:27:22,7
2017-05-29,19:35:51,30
2017-05-29,21:06:49,2
2017-05-29,21:21:49,1
2017-05-29,21:35:45,1
2017-05-29,21:37:58,26
2017-05-29,22:06:49,1
2017-05-29,23:05:51,1
2017-05-29,23:13:25,1
2017-05-29,23:47:04,2
2017-05-28,01:29:00,40
2017-05-28,02:14:00,20
2017-05-28,02:41:31,38
2017-05-28,12:05:54,1
2017-05-28,13:03:04,2
2017-05-28,13:26:28,1
2017-05-28,13:30:43,16
2017-05-28,13:56:52,1
2017-05-28,14:13:51,13
2017-05-28,14:35:48,4
2017-05-28,14:41:35,13
2017-05-28,15:09:45,3
2017-05-28,15:14:42,3
2017-05-28,15:29:15,5
2017-05-28,15:42:47,1
2017-05-28,15:48:31,1
2017-05-28,16:04:38,1
2017-05-28,16:13:15,1
2017-05-28,16:15:49,18
2017-05-28,16:38:40,2
2017-05-28,16:41:50,3
2017-05-28,16:48:25,36
2017-05-28,17:37:54,8
2017-05-28,17:55:12,1
2017-05-28,17:57:39,2
2017-05-28,20:45:00,9
2017-05-28,20:58:51,13
2017-05-28,21:29:36,20
2017-05-28,23:14:42,14
2017-05-28,23:59:51,1
2017-05-27,11:46:20,2
2017-05-27,12:12:55,8
2017-05-27,12:56:25,5
2017-05-27,13:18:08,1
2017-05-27,13:25:36,1
2017-05-27,13:29:26,2
2017-05-27,13:48:20,24
2017-05-27,15:16:45,2
2017-05-27,15:24:55,1
2017-05-27,16:03:34,2
2017-05-27,16:26:56,3
2017-05-27,17:36:23,1
2017-05-27,20:41:37,3
2017-05-27,21:15:18,12
2017-05-27,21:49:03,4
2017-05-26,06:01:15,1
2017-05-26,06:23:47,4
2017-05-26,09:24:58,1
2017-05-26,10:22:59,1
2017-05-26,12:06:17,14
2017-05-26,12:49:26,1
2017-05-26,12:59:39,12
2017-05-26,13:33:36,9
2017-05-26,13:44:25,7
2017-05-26,13:55:47,1
2017-05-26,14:11:10,6
2017-05-26,14:20:13,5
2017-05-26,15:59:52,2
2017-05-26,16:16:40,2
2017-05-26,16:53:50,2
2017-05-26,17:16:02,7
2017-05-26,20:15:54,5
2017-05-26,20:56:44,1
2017-05-26,21:08:16,1
2017-05-26,21:15:35,7
2017-05-26,21:27:08,2
2017-05-26,21:40:32,13
2017-05-26,22:33:36,1
2017-05-26,22:44:26,1
2017-05-26,22:55:31,1
2017-05-25,00:12:55,1
2017-05-25,00:19:09,2
2017-05-25,01:41:53,1
2017-05-25,04:48:59,1
2017-05-25,04:54:17,2
2017-05-25,10:49:55,1
2017-05-25,10:54:56,20
2017-05-25,11:16:00,9
2017-05-25,11:30:35,4
2017-05-25,12:09:12,1
2017-05-25,12:43:32,1
2017-05-25,12:45:56,2
2017-05-25,13:11:02,3
2017-05-25,13:31:57,1
2017-05-25,13:35:29,1
2017-05-25,13:52:38,1
2017-05-25,14:50:08,1
2017-05-25,14:54:42,7
2017-05-25,17:51:23,12
2017-05-25,19:20:32,2
2017-05-25,19:37:02,4
2017-05-25,20:09:15,8
2017-05-25,20:18:45,1
2017-05-25,20:24:19,5
2017-05-25,20:35:03,1
2017-05-25,20:40:13,5
2017-05-25,20:46:23,6
2017-05-25,21:06:14,1
2017-05-25,21:12:52,1
2017-05-25,21:32:58,1
2017-05-25,21:37:40,1
2017-05-25,21:52:40,5
2017-05-24,09:22:05,7
2017-05-24,09:32:45,6
2017-05-24,09:55:16,1
2017-05-24,10:02:00,1
2017-05-24,10:16:54,42
2017-05-24,11:18:00,1
2017-05-24,11:33:03,2
2017-05-24,12:26:15,3
2017-05-24,12:41:41,1
2017-05-24,13:00:56,1
2017-05-24,13:28:02,1
2017-05-24,14:56:08,2
2017-05-24,15:42:37,1
2017-05-24,16:48:16,3
2017-05-24,16:55:31,1
2017-05-24,16:58:28,5
2017-05-24,17:05:28,1
2017-05-24,17:09:10,3
2017-05-24,20:36:29,2
2017-05-24,20:49:48,2
2017-05-24,21:35:25,2
2017-05-24,21:41:45,1
2017-05-24,21:56:56,1
2017-05-24,22:27:46,6
2017-05-24,23:36:05,3
2017-05-23,00:53:45,1
2017-05-23,01:00:28,1
2017-05-23,02:46:45,39
2017-05-23,09:26:19,3
2017-05-23,11:02:07,1
2017-05-23,11:11:03,1
2017-05-23,11:46:33,7
2017-05-23,12:08:48,1
2017-05-23,12:20:34,1
2017-05-23,12:39:18,2
2017-05-23,12:55:24,1
2017-05-23,12:57:30,12
2017-05-23,13:26:38,1
2017-05-23,13:30:50,4
2017-05-23,13:40:02,3
2017-05-23,13:44:43,1
2017-05-23,13:48:13,8
2017-05-23,14:05:11,1
2017-05-23,14:07:57,2
2017-05-23,14:16:45,1
2017-05-23,14:19:03,7
2017-05-23,14:30:14,11
2017-05-23,14:43:07,1
2017-05-23,14:50:26,1
2017-05-23,15:35:27,3
2017-05-23,15:41:02,1
2017-05-23,15:43:46,1
2017-05-23,15:50:20,1
2017-05-23,18:04:43,42
2017-05-23,18:49:21,26
2017-05-23,19:17:09,2
2017-05-23,19:53:34,5
2017-05-23,20:11:15,3
2017-05-23,20:34:43,2
2017-05-23,20:53:37,3
2017-05-23,20:58:35,1
2017-05-23,21:01:42,4
2017-05-23,21:19:24,1
2017-05-23,21:24:53,1
2017-05-23,22:13:06,8
2017-05-22,10:00:17,1
2017-05-22,10:17:09,1
2017-05-22,10:49:59,4
2017-05-22,11:06:02,3
2017-05-22,11:32:33,5
2017-05-22,12:06:40,12
2017-05-22,12:22:15,11
2017-05-22,12:34:47,2
2017-05-22,12:44:55,3
2017-05-22,13:54:31,2
2017-05-22,13:58:13,1
2017-05-22,15:03:11,2
2017-05-22,15:06:14,4
2017-05-22,15:21:05,3
2017-05-22,15:31:15,6
2017-05-22,16:07:27,1
2017-05-22,16:23:05,5
2017-05-22,18:02:44,2
2017-05-22,18:06:49,16
2017-05-22,18:31:46,3
2017-05-22,19:21:35,1
2017-05-22,19:37:40,4
2017-05-22,20:52:26,34
2017-05-22,21:30:02,2
2017-05-22,21:40:57,9
2017-05-22,21:54:52,16
2017-05-22,22:12:07,2
2017-05-22,22:23:02,31
2017-05-22,22:56:16,1
2017-05-22,22:58:25,6
2017-05-22,23:13:37,5
2017-05-22,23:42:36,9
2017-05-22,23:56:41,1
2017-05-21,01:12:19,36
2017-05-21,09:03:34,9
2017-05-21,11:52:26,3
2017-05-21,12:00:13,1
2017-05-21,13:12:36,6
2017-05-21,17:34:40,3
2017-05-21,17:42:33,116
2017-05-21,19:55:26,3
2017-05-21,20:00:15,11
2017-05-21,20:16:18,1
2017-05-21,20:56:07,2
2017-05-21,20:59:11,13
2017-05-21,22:48:58,1
2017-05-21,23:09:13,2
2017-05-20,00:00:36,11
2017-05-20,00:20:24,6
2017-05-20,00:45:59,1
2017-05-20,00:50:56,4
2017-05-20,01:12:00,4
2017-05-20,01:21:24,1
2017-05-20,01:26:48,2
2017-05-20,02:14:40,18
2017-05-20,11:05:14,1
2017-05-20,12:58:34,16
2017-05-20,13:50:40,3
2017-05-20,14:36:33,6
2017-05-20,14:45:33,9
2017-05-20,15:51:24,14
2017-05-20,16:24:08,1
2017-05-20,16:32:35,5
2017-05-20,16:42:23,1
2017-05-20,17:49:27,6
2017-05-20,17:59:02,1
2017-05-20,18:10:50,27
2017-05-20,19:02:34,4
2017-05-20,19:32:57,10
2017-05-20,19:49:23,1
2017-05-20,19:57:41,30
2017-05-20,20:48:48,1
2017-05-20,22:29:19,3
2017-05-20,23:19:20,1
2017-05-20,23:25:53,2
2017-05-20,23:47:59,1
2017-05-19,06:11:13,8
2017-05-19,09:38:11,2
2017-05-19,10:11:08,2
2017-05-19,10:31:53,3
2017-05-19,11:02:23,1
2017-05-19,11:39:30,3
2017-05-19,12:20:58,8
2017-05-19,14:00:13,3
2017-05-19,14:05:09,6
2017-05-19,14:13:40,3
2017-05-19,14:37:05,3
2017-05-19,16:10:14,2
2017-05-19,16:38:07,9
2017-05-19,17:07:13,4
2017-05-19,17:15:49,1
2017-05-19,17:17:51,3
2017-05-19,17:23:19,1
2017-05-19,17:26:04,1
2017-05-19,17:37:09,1
2017-05-19,17:45:36,1
2017-05-19,17:50:55,4
2017-05-19,17:59:10,2
2017-05-19,20:01:13,1
2017-05-19,23:24:12,13
2017-05-19,23:39:27,20
2017-05-18,09:21:31,1
2017-05-18,09:47:43,8
2017-05-18,10:04:23,9
2017-05-18,11:59:42,16
2017-05-18,14:26:33,3
2017-05-18,15:02:18,2
2017-05-18,15:16:00,65
2017-05-18,16:37:35,4
2017-05-18,19:20:20,1
2017-05-18,20:01:57,17
2017-05-18,20:24:03,41
2017-05-18,22:36:07,8
2017-05-17,09:12:25,1
2017-05-17,09:40:49,8
2017-05-17,10:19:18,3
2017-05-17,10:33:36,3
2017-05-17,11:45:06,2
2017-05-17,11:57:18,1
2017-05-17,12:01:17,1
2017-05-17,12:06:38,1
2017-05-17,12:25:58,3
2017-05-17,12:45:00,3
2017-05-17,13:00:55,2
2017-05-17,13:05:11,3
2017-05-17,13:10:40,1
2017-05-17,13:23:52,4
2017-05-17,13:43:02,6
2017-05-17,13:59:47,1
2017-05-17,14:03:13,1
2017-05-17,15:04:15,1
2017-05-17,16:00:45,1
2017-05-17,16:33:32,2
2017-05-17,16:38:01,13
2017-05-17,17:17:40,2
2017-05-17,17:30:59,1
2017-05-17,17:33:55,1
2017-05-17,17:36:21,2
2017-05-17,18:09:28,23
2017-05-17,18:48:43,1
2017-05-17,19:10:57,22
2017-05-17,19:50:49,3
2017-05-17,19:57:52,16
2017-05-17,20:33:34,35
2017-05-17,21:09:46,1
2017-05-17,21:14:44,7
2017-05-17,21:32:46,1
2017-05-17,21:58:30,3
2017-05-17,22:21:13,4
2017-05-17,22:28:00,3
2017-05-17,22:32:18,10
2017-05-17,22:44:55,5
2017-05-17,23:01:03,4
2017-05-17,23:07:34,4
2017-05-16,00:00:35,63
2017-05-16,09:34:13,8
2017-05-16,10:01:36,1
2017-05-16,10:43:09,23
2017-05-16,11:37:22,5
2017-05-16,12:09:31,11
2017-05-16,14:51:05,9
2017-05-16,15:48:50,1
2017-05-16,16:54:04,94
2017-05-16,19:10:34,2
2017-05-16,19:15:10,2
2017-05-16,19:25:11,2
2017-05-16,19:36:08,11
2017-05-16,19:52:00,16
2017-05-16,20:11:07,18
2017-05-16,21:01:09,3
2017-05-16,21:49:30,1
2017-05-16,23:35:53,1
2017-05-15,09:00:17,1
2017-05-15,09:30:26,7
2017-05-15,09:41:16,25
2017-05-15,10:13:57,11
2017-05-15,10:37:36,1
2017-05-15,11:27:54,9
2017-05-15,12:20:32,14
2017-05-15,13:31:57,34
2017-05-15,16:07:17,40
2017-05-15,16:50:08,2
2017-05-15,17:00:48,2
2017-05-15,17:04:52,16
2017-05-15,18:00:35,16
2017-05-15,18:18:58,28
2017-05-15,18:57:55,1
2017-05-15,19:50:52,1
2017-05-15,21:02:46,2
2017-05-15,21:08:14,2
2017-05-15,21:41:54,2
2017-05-15,23:56:35,4
2017-05-14,11:12:10,1
2017-05-14,12:24:01,1
2017-05-14,12:27:05,3
2017-05-14,12:53:41,3
2017-05-14,13:01:49,1
2017-05-14,13:05:10,33
2017-05-14,13:40:41,22
2017-05-14,14:07:21,4
2017-05-14,14:21:56,2
2017-05-14,14:30:58,1
2017-05-14,14:37:52,1
2017-05-14,14:41:57,5
2017-05-14,15:01:49,11
2017-05-14,15:15:07,3
2017-05-14,15:20:36,3
2017-05-14,15:31:14,7
2017-05-14,16:10:24,4
2017-05-14,16:21:24,4
2017-05-14,17:07:47,3
2017-05-14,17:17:55,1
2017-05-14,17:42:16,1
2017-05-14,17:47:36,1
2017-05-14,17:53:36,11
2017-05-14,18:19:59,14
2017-05-14,18:37:01,3
2017-05-14,18:42:39,1
2017-05-14,20:34:40,2
2017-05-14,22:26:34,1
2017-05-14,22:42:16,4
2017-05-14,22:49:44,4
2017-05-14,22:55:21,3
2017-05-13,11:04:30,5
2017-05-13,11:13:39,8
2017-05-13,11:46:34,2
2017-05-13,11:52:14,2
2017-05-13,12:00:57,9
2017-05-13,12:11:15,4
2017-05-13,12:20:17,1
2017-05-13,12:25:36,1
2017-05-13,12:29:37,4
2017-05-13,12:40:11,3
2017-05-13,12:49:52,20
2017-05-13,13:21:57,1
2017-05-13,13:28:57,1
2017-05-13,13:33:07,6
2017-05-13,14:13:58,4
2017-05-13,14:20:11,2
2017-05-13,14:34:08,3
2017-05-13,14:38:51,2
2017-05-13,14:41:55,3
2017-05-13,14:50:03,1
2017-05-13,15:14:14,2
2017-05-13,15:18:08,2
2017-05-13,15:32:29,1
2017-05-13,15:47:30,2
2017-05-13,15:51:20,3
2017-05-13,16:20:59,2
2017-05-13,16:58:58,1
2017-05-13,17:12:30,1
2017-05-13,17:20:10,7
2017-05-13,17:38:29,1
2017-05-13,17:42:10,3
2017-05-13,17:55:20,1
2017-05-13,18:24:23,3
2017-05-13,18:30:19,5
2017-05-13,18:37:39,2
2017-05-13,18:40:45,1
2017-05-13,18:45:44,3
2017-05-13,19:01:38,4
2017-05-13,19:14:00,3
2017-05-13,19:31:12,24
2017-05-13,19:58:24,1
2017-05-13,20:04:29,4
2017-05-13,20:14:04,3
2017-05-13,20:44:18,3
2017-05-13,21:02:07,1
2017-05-13,21:06:29,2
2017-05-12,03:57:55,1
2017-05-12,09:32:11,18
2017-05-12,10:03:08,4
2017-05-12,10:25:27,7
2017-05-12,10:48:05,1
2017-05-12,11:01:14,1
2017-05-12,11:13:50,2
2017-05-12,11:24:38,13
2017-05-12,11:41:04,1
2017-05-12,11:49:05,2
2017-05-12,12:01:38,10
2017-05-12,12:24:32,6
2017-05-12,12:38:33,6
2017-05-12,12:45:43,12
2017-05-12,13:08:45,11
2017-05-12,13:24:36,2
2017-05-12,13:35:47,4
2017-05-12,13:41:42,1
2017-05-12,13:45:06,1
2017-05-12,13:50:08,5
2017-05-12,13:57:58,13
2017-05-12,14:14:02,8
2017-05-12,14:34:18,1
2017-05-12,15:14:16,3
2017-05-12,15:29:24,3
2017-05-12,15:34:55,2
2017-05-12,16:21:11,1
2017-05-12,16:25:35,2
2017-05-12,17:04:25,3
2017-05-12,17:46:38,2
2017-05-12,17:59:47,1
2017-05-12,18:08:45,3
2017-05-12,18:15:17,2
2017-05-12,18:20:13,11
2017-05-12,18:33:58,2
2017-05-12,18:36:59,9
2017-05-12,19:11:49,1
2017-05-11,09:04:26,2
2017-05-11,09:47:35,3
2017-05-11,09:54:08,1
2017-05-11,10:24:08,1
2017-05-11,10:56:08,1
2017-05-11,11:41:21,1
2017-05-11,11:58:03,1
2017-05-11,12:21:41,1
2017-05-11,12:25:01,8
2017-05-11,12:36:47,2
2017-05-11,12:40:10,2
2017-05-11,12:47:08,1
2017-05-11,13:01:36,3
2017-05-11,13:11:30,1
2017-05-11,13:17:05,1
2017-05-11,13:21:00,2
2017-05-11,13:28:38,2
2017-05-11,13:41:35,7
2017-05-11,15:00:05,2
2017-05-11,15:05:20,1
2017-05-11,15:52:07,2
2017-05-11,15:58:32,1
2017-05-11,16:43:23,3
2017-05-11,17:11:51,1
2017-05-11,17:45:53,2
2017-05-11,17:53:12,2
2017-05-11,18:11:03,1
2017-05-11,18:18:04,3
2017-05-11,18:23:41,2
2017-05-11,18:26:45,4
2017-05-11,18:35:21,2
2017-05-11,18:46:12,8
2017-05-11,20:08:13,3
2017-05-11,20:14:35,1
2017-05-11,20:16:58,13
2017-05-11,20:44:26,10
2017-05-11,20:56:35,10
2017-05-11,21:41:05,13
2017-05-11,21:58:51,4
2017-05-11,22:09:54,1
2017-05-10,00:06:14,3
2017-05-10,00:12:04,1
2017-05-10,00:39:40,2
2017-05-10,01:44:59,12
2017-05-10,02:18:09,34
2017-05-10,03:03:54,13
2017-05-10,09:16:03,8
2017-05-10,09:27:25,13
2017-05-10,09:59:24,2
2017-05-10,10:12:53,1
2017-05-10,10:25:20,2
2017-05-10,10:43:29,1
2017-05-10,11:03:01,1
2017-05-10,11:45:35,1
2017-05-10,11:48:25,2
2017-05-10,11:57:00,2
2017-05-10,12:27:33,4
2017-05-10,12:40:40,3
2017-05-10,13:04:35,6
2017-05-10,13:39:38,1
2017-05-10,14:04:45,5
2017-05-10,14:38:55,1
2017-05-10,14:56:11,4
2017-05-10,15:08:24,7
2017-05-10,15:58:50,1
2017-05-10,16:14:57,1
2017-05-10,17:49:07,1
2017-05-10,18:36:59,1
2017-05-10,18:40:15,3
2017-05-10,18:47:27,6
2017-05-10,18:55:56,1
2017-05-10,20:09:02,4
2017-05-09,06:42:54,14
2017-05-09,09:36:09,1
2017-05-09,09:46:39,11
2017-05-09,10:24:03,1
2017-05-09,10:35:53,4
2017-05-09,10:43:22,2
2017-05-09,11:30:29,2
2017-05-09,12:00:25,1
2017-05-09,12:19:44,1
2017-05-09,12:22:09,23
2017-05-09,12:49:26,8
2017-05-09,12:59:29,5
2017-05-09,13:12:32,3
2017-05-09,13:49:52,5
2017-05-09,14:22:27,1
2017-05-09,14:45:56,8
2017-05-09,14:57:34,2
2017-05-09,15:23:24,1
2017-05-09,15:38:59,1
2017-05-09,15:54:46,1
2017-05-09,16:23:29,1
2017-05-09,16:51:37,1
2017-05-09,17:26:01,3
2017-05-09,18:01:24,2
2017-05-09,18:54:11,1
2017-05-09,19:01:13,2
2017-05-09,19:28:13,1
2017-05-09,20:19:26,17
2017-05-09,20:40:55,29
2017-05-09,22:07:16,17
2017-05-09,22:50:13,4
2017-05-09,23:45:10,4
2017-05-09,23:50:42,9
2017-05-08,00:06:03,1
2017-05-08,00:08:42,4
2017-05-08,00:21:40,1
2017-05-08,09:28:05,14
2017-05-08,10:18:01,2
2017-05-08,10:34:09,2
2017-05-08,10:38:18,2
2017-05-08,10:47:25,3
2017-05-08,10:55:15,2
2017-05-08,11:49:11,1
2017-05-08,12:27:02,2
2017-05-08,12:32:24,7
2017-05-08,13:06:14,3
2017-05-08,13:10:20,3
2017-05-08,13:28:54,1
2017-05-08,13:50:22,1
2017-05-08,13:54:31,1
2017-05-08,14:05:09,1
2017-05-08,14:22:38,1
2017-05-08,14:25:43,9
2017-05-08,15:19:02,3
2017-05-08,15:48:35,2
2017-05-08,16:00:03,3
2017-05-08,16:13:00,1
2017-05-08,16:21:32,8
2017-05-08,16:33:17,8
2017-05-08,16:52:08,4
2017-05-08,17:22:18,1
2017-05-08,17:34:01,1
2017-05-08,17:39:16,1
2017-05-08,18:36:53,1
2017-05-08,18:39:59,1
2017-05-08,18:48:50,2
2017-05-08,19:02:39,44
2017-05-08,21:01:50,2
2017-05-08,22:17:30,1
2017-05-08,23:52:49,1
2017-05-07,00:03:19,64
2017-05-07,02:03:01,6
2017-05-07,02:12:19,10
2017-05-07,16:58:11,11
2017-05-07,17:11:51,1
2017-05-07,17:34:28,5
2017-05-07,20:59:30,3
2017-05-07,21:52:38,17
2017-05-07,22:14:28,1
2017-05-07,22:17:12,1
2017-05-07,23:37:50,1
2017-05-06,00:01:24,1
2017-05-06,01:53:19,1
2017-05-06,02:10:53,1
2017-05-06,12:26:31,3
2017-05-06,12:34:35,34
2017-05-06,13:11:39,5
2017-05-06,13:20:34,1
2017-05-06,15:06:51,2
2017-05-06,15:17:49,4
2017-05-06,15:29:55,15
2017-05-06,15:47:20,12
2017-05-06,16:08:29,1
2017-05-06,16:13:05,10
2017-05-06,16:26:06,1
2017-05-06,16:40:50,4
2017-05-06,16:47:10,5
2017-05-06,16:53:30,7
2017-05-06,17:05:16,6
2017-05-06,17:13:48,1
2017-05-06,17:16:06,1
2017-05-06,17:39:16,3
2017-05-06,18:18:46,1
2017-05-06,18:22:33,1
2017-05-06,18:24:39,1
2017-05-06,21:13:51,2
2017-05-06,21:28:15,2
2017-05-06,21:31:38,1
2017-05-06,21:59:33,1
2017-05-06,22:04:45,2
2017-05-06,22:19:44,3
2017-05-06,22:53:48,1
2017-05-06,23:22:33,2
2017-05-06,23:27:30,11
2017-05-05,00:39:10,1
2017-05-05,00:45:29,4
2017-05-05,03:03:26,9
2017-05-05,09:56:40,2
2017-05-05,10:06:47,2
2017-05-05,10:12:16,1
2017-05-05,10:23:11,4
2017-05-05,11:56:15,8
2017-05-05,12:18:55,2
2017-05-05,12:30:43,1
2017-05-05,12:35:18,2
2017-05-05,12:40:13,1
2017-05-05,13:13:20,1
2017-05-05,13:38:44,1
2017-05-05,15:43:26,9
2017-05-05,16:06:12,1
2017-05-05,16:15:17,3
2017-05-05,16:19:24,3
2017-05-05,16:25:50,1
2017-05-05,16:28:44,2
2017-05-05,16:37:27,1
2017-05-05,16:41:56,3
2017-05-05,16:46:51,2
2017-05-05,17:05:04,1
2017-05-05,17:10:50,1
2017-05-05,17:13:53,1
2017-05-05,17:33:26,2
2017-05-05,17:42:19,4
2017-05-05,17:49:17,8
2017-05-05,18:01:56,4
2017-05-05,18:10:43,1
2017-05-05,18:17:16,1
2017-05-05,18:20:06,5
2017-05-05,18:42:10,3
2017-05-05,18:48:24,1
2017-05-05,19:24:23,18
2017-05-05,19:44:52,24
2017-05-05,20:09:59,3
2017-05-05,20:19:21,2
2017-05-05,20:28:04,6
2017-05-05,20:37:56,2
2017-05-05,20:53:56,2
2017-05-05,21:40:11,1
2017-05-05,22:06:52,1
2017-05-05,22:10:37,2
2017-05-05,23:29:06,1
2017-05-05,23:32:32,2
2017-05-05,23:39:42,2
2017-05-04,00:29:15,5
2017-05-04,00:58:28,3
2017-05-04,10:02:03,1
2017-05-04,10:15:36,3
2017-05-04,11:22:09,1
2017-05-04,11:41:08,4
2017-05-04,12:11:30,1
2017-05-04,12:27:39,5
2017-05-04,12:43:00,5
2017-05-04,12:49:47,2
2017-05-04,13:07:13,1
2017-05-04,15:10:43,2
2017-05-04,15:15:49,3
2017-05-04,15:20:41,1
2017-05-04,15:41:12,1
2017-05-04,15:50:19,1
2017-05-04,16:02:04,1
2017-05-04,16:08:35,4
2017-05-04,16:21:25,2
2017-05-04,16:29:22,4
2017-05-04,16:36:31,6
2017-05-04,16:48:04,3
2017-05-04,17:44:54,7
2017-05-04,18:11:11,1
2017-05-04,18:26:17,1
2017-05-04,18:34:46,6
2017-05-04,18:42:18,1
2017-05-04,18:46:24,1
2017-05-04,18:52:38,2
2017-05-04,19:13:37,2
2017-05-04,20:03:39,1
2017-05-04,21:36:14,14
2017-05-03,00:14:35,17
2017-05-03,09:51:11,11
2017-05-03,10:11:01,23
2017-05-03,10:58:23,2
2017-05-03,11:03:18,1
2017-05-03,11:50:01,2
2017-05-03,12:08:43,3
2017-05-03,12:17:14,2
2017-05-03,12:21:26,1
2017-05-03,12:26:22,2
2017-05-03,12:47:20,2
2017-05-03,13:43:10,3
2017-05-03,14:09:40,6
2017-05-03,14:22:01,3
2017-05-03,14:37:55,5
2017-05-03,14:50:11,5
2017-05-03,15:04:11,8
2017-05-03,15:20:01,3
2017-05-03,15:28:50,3
2017-05-03,15:35:31,5
2017-05-03,15:48:50,2
2017-05-03,15:56:00,9
2017-05-03,16:25:32,2
2017-05-03,16:29:49,1
2017-05-03,16:41:24,2
2017-05-03,16:48:40,1
2017-05-03,16:57:50,1
2017-05-03,17:00:17,1
2017-05-03,17:22:32,17
2017-05-03,18:03:04,1
2017-05-03,19:10:11,2
2017-05-03,19:13:26,1
2017-05-03,19:26:29,8
2017-05-03,20:00:59,2
2017-05-03,20:09:06,3
2017-05-03,20:58:29,5
2017-05-03,21:06:12,1
2017-05-03,21:09:32,15
2017-05-03,21:26:00,15
2017-05-03,21:44:56,1
2017-05-03,21:56:48,2
2017-05-03,23:55:07,3
2017-05-02,10:04:23,15
2017-05-02,10:23:16,1
2017-05-02,10:29:11,4
2017-05-02,10:53:16,5
2017-05-02,11:01:22,1
2017-05-02,11:10:22,1
2017-05-02,11:58:59,4
2017-05-02,12:06:24,9
2017-05-02,12:36:27,5
2017-05-02,13:30:13,2
2017-05-02,13:55:03,1
2017-05-02,14:09:25,1
2017-05-02,14:12:48,1
2017-05-02,14:24:33,1
2017-05-02,14:27:04,1
2017-05-02,14:41:36,3
2017-05-02,14:47:00,2
2017-05-02,14:56:45,3
2017-05-02,15:08:14,1
2017-05-02,15:10:40,2
2017-05-02,15:15:08,5
2017-05-02,17:13:03,2
2017-05-02,17:28:07,2
2017-05-02,17:39:37,2
2017-05-02,17:50:02,4
2017-05-02,17:56:16,4
2017-05-02,18:19:55,2
2017-05-02,18:27:49,17
2017-05-02,18:48:39,49
2017-05-02,19:39:51,1
2017-05-02,20:45:52,3
2017-05-01,09:30:14,1
2017-05-01,09:32:31,2
2017-05-01,10:00:34,1
2017-05-01,10:15:34,3
2017-05-01,11:40:33,3
2017-05-01,12:02:27,17
2017-05-01,12:21:10,6
2017-05-01,12:32:51,1
2017-05-01,12:39:32,8
2017-05-01,12:59:53,10
2017-05-01,13:44:40,1
2017-05-01,14:21:56,2
2017-05-01,14:26:07,1
2017-05-01,14:28:43,5
2017-05-01,14:54:02,3
2017-05-01,15:09:21,3
2017-05-01,15:54:29,1
2017-05-01,16:05:25,5
2017-05-01,16:26:05,1
2017-05-01,16:58:41,11
2017-05-01,17:31:41,1
2017-05-01,18:02:50,1
2017-05-01,18:09:56,1
2017-05-01,22:22:24,15
2017-04-30,00:42:56,1
2017-04-30,00:46:00,2
2017-04-30,00:50:59,1
2017-04-30,00:55:50,1
2017-04-30,01:02:06,2
2017-04-30,01:43:10,3
2017-04-30,06:29:53,7
2017-04-30,06:59:17,1
2017-04-30,08:32:33,1
2017-04-30,08:34:45,1
2017-04-30,09:07:31,4
2017-04-30,09:14:15,11
2017-04-30,09:29:22,5
2017-04-30,09:52:52,18
2017-04-30,10:22:44,5
2017-04-30,10:29:52,2
2017-04-30,10:40:41,26
2017-04-30,14:52:11,6
2017-04-30,15:06:49,11
2017-04-30,15:21:30,2
2017-04-30,15:30:33,1
2017-04-30,15:42:50,1
2017-04-30,15:45:10,3
2017-04-30,16:00:26,3
2017-04-30,17:16:48,1
2017-04-30,17:26:19,1
2017-04-30,17:52:09,1
2017-04-30,18:00:08,7
2017-04-30,18:08:32,1
2017-04-30,18:36:43,1
2017-04-30,18:39:15,27
2017-04-30,19:32:08,6
2017-04-30,19:44:02,9
2017-04-30,19:59:45,2
2017-04-30,20:04:22,20
2017-04-30,20:26:23,2
2017-04-30,21:31:16,2
2017-04-30,21:41:19,1
2017-04-30,21:45:59,5
2017-04-30,22:33:28,1
2017-04-29,00:00:46,4
2017-04-29,00:10:01,2
2017-04-29,00:35:32,5
2017-04-29,01:22:46,1
2017-04-29,01:25:07,1
2017-04-29,01:50:36,6
2017-04-29,02:09:15,7
2017-04-29,02:29:00,2
2017-04-29,10:31:05,31
2017-04-29,11:39:31,24
2017-04-29,12:32:04,24
2017-04-29,14:49:18,1
2017-04-29,15:02:39,8
2017-04-29,15:29:44,1
2017-04-29,15:47:58,1
2017-04-29,15:51:04,2
2017-04-29,16:03:05,1
2017-04-29,16:07:00,1
2017-04-29,16:23:08,1
2017-04-29,16:35:03,2
2017-04-29,16:38:07,1
2017-04-29,18:02:22,1
2017-04-29,18:23:50,3
2017-04-29,19:03:40,1
2017-04-29,19:35:15,1
2017-04-29,19:37:57,3
2017-04-29,19:42:03,13
2017-04-29,19:58:14,1
2017-04-29,20:04:11,2
2017-04-29,20:12:37,2
2017-04-29,20:56:53,1
2017-04-29,21:01:21,6
2017-04-29,21:08:52,1
2017-04-29,21:13:35,1
2017-04-29,21:19:56,2
2017-04-29,22:49:34,1
2017-04-29,22:52:29,1
2017-04-29,22:54:40,1
2017-04-29,23:08:38,2
2017-04-29,23:23:14,2
2017-04-29,23:38:41,1
2017-04-29,23:53:04,1
2017-04-28,00:46:24,16
2017-04-28,01:15:13,1
2017-04-28,01:22:22,1
2017-04-28,01:38:25,9
2017-04-28,02:20:42,12
2017-04-28,02:35:51,3
2017-04-28,09:09:05,8
2017-04-28,12:23:52,1
2017-04-28,13:01:53,5
2017-04-28,13:28:10,3
2017-04-28,13:32:35,2
2017-04-28,13:48:34,1
2017-04-28,13:59:32,4
2017-04-28,14:27:31,3
2017-04-28,14:31:32,3
2017-04-28,14:38:27,9
2017-04-28,14:49:42,3
2017-04-28,15:00:39,2
2017-04-28,15:06:12,2
2017-04-28,15:16:31,1
2017-04-28,15:22:39,7
2017-04-28,15:31:30,6
2017-04-28,15:42:05,1
2017-04-28,15:44:32,1
2017-04-28,15:48:28,1
2017-04-28,16:03:08,1
2017-04-28,16:06:19,3
2017-04-28,16:11:28,13
2017-04-28,16:46:36,2
2017-04-28,17:02:51,2
2017-04-28,17:06:59,1
2017-04-28,17:09:09,1
2017-04-28,17:11:16,1
2017-04-28,17:19:30,1
2017-04-28,18:03:05,11
2017-04-28,18:15:55,3
2017-04-28,18:22:26,1
2017-04-28,18:25:01,2
2017-04-28,18:29:06,12
2017-04-28,18:44:37,1
2017-04-28,19:15:56,5
2017-04-28,19:26:29,2
2017-04-28,19:32:08,1
2017-04-28,19:34:35,1
2017-04-28,19:36:37,8
2017-04-28,19:53:26,8
2017-04-28,20:13:31,2
2017-04-28,20:21:40,5
2017-04-28,20:49:24,3
2017-04-28,20:54:11,1
2017-04-28,20:58:55,2
2017-04-28,21:06:56,1
2017-04-28,21:11:17,9
2017-04-28,21:23:26,2
2017-04-28,21:41:58,1
2017-04-28,22:07:31,3
2017-04-28,22:17:05,1
2017-04-28,22:21:25,1
2017-04-28,22:24:30,11
2017-04-28,22:40:32,2
2017-04-28,22:49:28,3
2017-04-28,22:59:38,1
2017-04-28,23:01:54,1
2017-04-28,23:04:37,1
2017-04-28,23:10:41,2
2017-04-28,23:16:50,1
2017-04-28,23:22:02,2
2017-04-28,23:26:22,15
2017-04-28,23:50:08,4
2017-04-28,23:57:47,3
2017-04-27,00:00:12,1
2017-04-27,03:31:47,3
2017-04-27,08:23:56,22
2017-04-27,09:03:03,2
2017-04-27,09:08:33,2
2017-04-27,09:13:23,27
2017-04-27,11:18:54,2
2017-04-27,11:38:43,1
2017-04-27,11:46:14,29
2017-04-27,12:18:47,1
2017-04-27,12:23:47,9
2017-04-27,12:41:57,1
2017-04-27,12:46:35,15
2017-04-27,13:11:02,1
2017-04-27,13:40:52,2
2017-04-27,13:43:59,2
2017-04-27,13:54:22,2
2017-04-27,13:59:47,2
2017-04-27,14:03:36,2
2017-04-27,14:15:05,3
2017-04-27,14:37:10,1
2017-04-27,14:39:15,3
2017-04-27,14:51:53,1
2017-04-27,14:54:17,1
2017-04-27,15:12:11,1
2017-04-27,15:20:48,18
2017-04-27,15:42:18,2
2017-04-27,17:03:51,2
2017-04-27,17:13:49,22
2017-04-27,17:38:52,2
2017-04-27,17:45:46,13
2017-04-27,18:02:17,2
2017-04-27,19:22:03,8
2017-04-27,20:02:55,1
2017-04-27,20:41:10,1
2017-04-27,20:44:13,3
2017-04-27,20:53:42,8
2017-04-27,21:07:32,1
2017-04-27,21:42:56,6
2017-04-27,22:09:08,1
2017-04-26,07:50:53,1
2017-04-26,09:18:04,1
2017-04-26,09:27:32,1
2017-04-26,10:01:02,2
2017-04-26,10:23:09,2
2017-04-26,10:35:01,8
2017-04-26,10:47:26,2
2017-04-26,10:51:50,7
2017-04-26,11:03:07,1
2017-04-26,11:06:17,4
2017-04-26,11:21:06,11
2017-04-26,11:33:09,3
2017-04-26,11:39:09,2
2017-04-26,11:44:48,1
2017-04-26,11:47:40,1
2017-04-26,11:51:54,3
2017-04-26,11:58:50,1
2017-04-26,12:01:17,17
2017-04-26,12:21:56,2
2017-04-26,12:25:39,2
2017-04-26,12:29:39,2
2017-04-26,12:39:35,1
2017-04-26,12:53:10,1
2017-04-26,12:59:56,20
2017-04-26,13:23:29,2
2017-04-26,13:27:56,1
2017-04-26,15:52:05,1
2017-04-26,15:55:20,2
2017-04-26,16:06:50,25
2017-04-26,16:34:25,1
2017-04-26,16:39:34,1
2017-04-26,16:48:49,7
2017-04-26,17:01:06,1
2017-04-26,17:07:12,15
2017-04-26,17:24:26,14
2017-04-26,17:48:13,1
2017-04-26,17:59:02,5
2017-04-26,18:17:38,5
2017-04-26,19:25:55,1
2017-04-26,19:32:15,1
2017-04-26,19:34:33,1
2017-04-26,19:36:47,1
2017-04-26,19:41:41,1
2017-04-26,19:50:54,6
2017-04-26,19:58:34,1
2017-04-26,20:07:38,1
2017-04-26,20:46:31,8
2017-04-26,21:00:48,1
2017-04-26,21:05:41,1
2017-04-26,21:13:42,1
2017-04-26,21:21:47,21
2017-04-26,21:45:18,1
2017-04-26,21:48:53,2
2017-04-26,22:10:21,1
2017-04-26,22:33:27,15
2017-04-26,22:50:33,2
2017-04-26,23:02:42,4
2017-04-26,23:27:57,1
2017-04-26,23:45:12,15
2017-04-25,10:12:41,2
2017-04-25,10:18:19,6
2017-04-25,10:28:36,7
2017-04-25,10:41:40,2
2017-04-25,11:05:45,1
2017-04-25,11:14:20,2
2017-04-25,11:24:16,2
2017-04-25,11:28:39,2
2017-04-25,11:56:21,3
2017-04-25,12:22:45,1
2017-04-25,13:17:49,1
2017-04-25,14:30:54,3
2017-04-25,14:34:56,1
2017-04-25,14:56:37,3
2017-04-25,15:18:03,3
2017-04-25,15:29:42,1
2017-04-25,15:36:36,1
2017-04-25,16:00:16,2
2017-04-25,16:04:07,4
2017-04-25,17:13:49,1
2017-04-25,17:35:43,1
2017-04-25,17:58:02,1
2017-04-25,18:00:14,4
2017-04-25,18:58:27,7
2017-04-25,20:07:18,5
2017-04-25,20:38:47,1
2017-04-25,21:41:35,59
2017-04-25,22:41:52,1
2017-04-25,22:54:04,1
2017-04-24,00:58:57,36
2017-04-24,01:43:24,6
2017-04-24,02:01:21,3
2017-04-24,09:18:12,2
2017-04-24,09:58:36,1
2017-04-24,10:12:36,1
2017-04-24,10:29:25,1
2017-04-24,12:18:22,3
2017-04-24,12:29:30,3
2017-04-24,12:45:05,1
2017-04-24,12:55:11,1
2017-04-24,12:58:04,4
2017-04-24,13:35:52,3
2017-04-24,14:07:52,3
2017-04-24,15:15:28,1
2017-04-24,15:40:29,4
2017-04-24,15:45:55,2
2017-04-24,16:50:29,1
2017-04-24,17:29:30,1
2017-04-24,18:19:06,1
2017-04-24,18:27:32,1
2017-04-23,00:07:17,1
2017-04-23,00:13:43,5
2017-04-23,00:28:57,1
2017-04-23,02:07:03,5
2017-04-23,03:55:28,5
2017-04-23,04:02:59,15
2017-04-23,13:36:46,20
2017-04-23,14:00:18,59
2017-04-23,15:06:15,2
2017-04-23,15:31:36,5
2017-04-23,16:37:15,29
2017-04-23,17:12:29,18
2017-04-23,17:33:55,16
2017-04-23,17:58:52,1
2017-04-23,18:07:29,1
2017-04-23,18:49:03,1
2017-04-23,19:28:59,1
2017-04-23,20:59:30,1
2017-04-23,21:15:51,3
2017-04-23,21:31:06,27
2017-04-23,22:14:22,2
2017-04-23,22:18:20,72
2017-04-22,08:52:34,7
2017-04-22,09:18:53,8
2017-04-22,10:31:01,22
2017-04-22,12:55:04,8
2017-04-22,13:20:46,8
2017-04-22,13:48:00,2
2017-04-22,14:45:01,16
2017-04-22,15:03:53,1
2017-04-22,15:22:39,2
2017-04-22,15:28:49,9
2017-04-22,15:58:20,2
2017-04-22,16:08:24,1
2017-04-22,16:10:58,17
2017-04-22,16:38:00,2
2017-04-22,16:55:30,1
2017-04-22,17:02:51,1
2017-04-22,17:06:26,1
2017-04-22,17:17:46,3
2017-04-22,17:24:14,5
2017-04-22,17:35:11,4
2017-04-22,17:41:12,1
2017-04-22,17:46:00,1
2017-04-22,17:48:09,5
2017-04-22,17:55:15,7
2017-04-22,18:06:11,1
2017-04-22,18:19:37,2
2017-04-22,18:23:16,2
2017-04-22,20:08:10,2
2017-04-22,20:14:15,1
2017-04-22,20:20:07,1
2017-04-22,20:25:06,8
2017-04-22,20:54:13,1
2017-04-22,21:00:55,1
2017-04-22,21:22:11,1
2017-04-22,21:25:33,1
2017-04-22,21:28:18,1
2017-04-22,21:34:17,2
2017-04-22,21:45:35,19
2017-04-22,22:11:25,1
2017-04-22,22:56:47,2
2017-04-22,23:00:00,2
2017-04-22,23:20:34,16
2017-04-22,23:49:52,4
2017-04-21,01:15:37,5
2017-04-21,01:59:58,1
2017-04-21,08:50:47,3
2017-04-21,09:00:04,22
2017-04-21,10:01:01,7
2017-04-21,10:11:09,3
2017-04-21,10:22:18,3
2017-04-21,10:26:23,15
2017-04-21,10:47:31,2
2017-04-21,11:20:35,2
2017-04-21,11:26:42,1
2017-04-21,11:47:24,1
2017-04-21,11:51:33,1
2017-04-21,12:02:16,2
2017-04-21,12:07:56,1
2017-04-21,12:13:19,3
2017-04-21,12:43:53,2
2017-04-21,13:32:21,1
2017-04-21,13:37:03,1
2017-04-21,14:27:12,7
2017-04-21,14:45:44,2
2017-04-21,14:56:23,1
2017-04-21,15:02:40,2
2017-04-21,15:10:50,1
2017-04-21,15:47:52,2
2017-04-21,15:58:13,2
2017-04-21,16:16:40,1
2017-04-21,16:25:35,8
2017-04-21,17:08:35,7
2017-04-21,17:20:34,1
2017-04-21,17:29:56,1
2017-04-21,17:32:02,5
2017-04-21,17:39:23,1
2017-04-21,17:59:28,1
2017-04-21,18:01:32,10
2017-04-21,18:14:13,4
2017-04-21,18:19:41,1
2017-04-21,18:26:08,2
2017-04-21,18:32:17,10
2017-04-21,18:46:20,1
2017-04-21,19:09:22,11
2017-04-21,19:30:55,1
2017-04-21,19:42:32,1
2017-04-21,19:48:32,2
2017-04-21,19:52:46,1
2017-04-21,19:57:22,1
2017-04-21,20:17:49,5
2017-04-21,21:02:29,9
2017-04-21,21:43:26,25
2017-04-21,22:55:20,5
2017-04-20,00:00:06,6
2017-04-20,00:10:50,7
2017-04-20,00:24:38,1
2017-04-20,00:30:38,26
2017-04-20,03:53:24,1
2017-04-20,09:05:52,22
2017-04-20,09:45:58,2
2017-04-20,10:00:49,4
2017-04-20,11:37:38,1
2017-04-20,11:41:29,1
2017-04-20,11:59:17,4
2017-04-20,12:09:55,2
2017-04-20,12:15:39,1
2017-04-20,12:28:25,1
2017-04-20,12:35:39,4
2017-04-20,12:42:45,7
2017-04-20,13:22:12,4
2017-04-20,13:40:52,3
2017-04-20,13:46:04,1
2017-04-20,13:58:28,2
2017-04-20,14:30:26,2
2017-04-20,14:54:53,2
2017-04-20,15:06:33,2
2017-04-20,15:11:18,10
2017-04-20,16:01:50,2
2017-04-20,16:08:33,1
2017-04-20,16:18:12,3
2017-04-20,16:26:01,2
2017-04-20,17:02:51,1
2017-04-20,17:11:06,1
2017-04-20,17:22:23,1
2017-04-20,17:44:20,5
2017-04-20,18:13:37,3
2017-04-20,18:33:42,1
2017-04-20,18:39:03,12
2017-04-20,18:56:54,1
2017-04-20,19:08:08,12
2017-04-20,19:24:20,8
2017-04-20,19:34:35,14
2017-04-20,20:12:31,46
2017-04-20,21:15:54,7
2017-04-20,21:25:41,2
2017-04-19,08:40:10,10
2017-04-19,09:10:13,7
2017-04-19,09:52:43,1
2017-04-19,10:05:59,2
2017-04-19,10:12:39,1
2017-04-19,10:14:57,7
2017-04-19,14:12:40,4
2017-04-19,14:21:18,2
2017-04-19,14:25:19,1
2017-04-19,15:25:19,2
2017-04-19,15:28:24,12
2017-04-19,15:53:19,1
2017-04-19,16:00:03,1
2017-04-19,16:05:21,13
2017-04-19,16:31:08,4
2017-04-19,16:57:19,1
2017-04-19,17:03:48,1
2017-04-19,17:08:30,3
2017-04-19,17:12:41,1
2017-04-19,17:25:30,3
2017-04-19,17:29:52,7
2017-04-19,17:38:45,1
2017-04-19,17:52:32,1
2017-04-19,17:56:35,1
2017-04-19,18:01:33,1
2017-04-19,18:06:10,5
2017-04-19,18:12:41,1
2017-04-19,18:21:32,1
2017-04-19,19:04:20,1
2017-04-19,19:18:25,1
2017-04-19,19:22:19,6
2017-04-19,19:32:54,2
2017-04-19,19:39:05,34
2017-04-19,20:24:32,11
2017-04-19,20:38:28,1
2017-04-19,22:25:56,3
2017-04-19,22:33:45,24
2017-04-19,23:17:25,3
2017-04-19,23:35:03,11
2017-04-19,23:52:17,7
2017-04-18,08:34:02,23
2017-04-18,09:07:59,12
2017-04-18,09:26:52,13
2017-04-18,10:11:53,2
2017-04-18,11:27:29,4
2017-04-18,12:33:06,1
2017-04-18,14:42:59,13
2017-04-18,15:18:45,1
2017-04-18,15:23:04,3
2017-04-18,15:40:32,7
2017-04-18,16:28:06,34
2017-04-18,17:10:02,13
2017-04-18,17:26:18,8
2017-04-18,17:50:53,1
2017-04-18,18:08:01,4
2017-04-18,18:13:16,2
2017-04-18,18:19:09,1
2017-04-18,18:22:44,1
2017-04-18,18:32:59,1
2017-04-18,19:40:46,11
2017-04-18,20:07:44,3
2017-04-18,20:58:36,1
2017-04-18,21:20:38,2
2017-04-17,09:14:15,5
2017-04-17,09:58:12,1
2017-04-17,10:12:56,2
2017-04-17,11:59:33,4
2017-04-17,12:42:25,2
2017-04-17,13:39:54,1
2017-04-17,14:52:51,1
2017-04-17,15:01:59,2
2017-04-17,15:21:30,1
2017-04-17,16:22:48,1
2017-04-17,16:39:12,2
2017-04-17,16:47:30,2
2017-04-17,17:00:55,1
2017-04-17,17:07:45,1
2017-04-17,17:10:38,3
2017-04-17,17:32:56,2
2017-04-17,17:36:17,1
2017-04-17,18:05:43,2
2017-04-17,18:40:48,1
2017-04-17,18:43:21,5
2017-04-17,18:58:41,7
2017-04-17,19:08:26,5
2017-04-17,19:16:47,1
2017-04-17,19:19:31,1
2017-04-17,19:23:33,1
2017-04-17,19:49:26,1
2017-04-17,20:10:40,2
2017-04-17,20:26:13,1
2017-04-17,20:28:40,16
2017-04-17,20:59:28,1
2017-04-17,21:01:56,14
2017-04-17,21:20:01,1
2017-04-17,21:22:32,5
2017-04-16,07:18:51,13
2017-04-16,07:47:41,20
2017-04-16,08:16:54,15
2017-04-16,09:03:38,9
2017-04-16,09:19:37,5
2017-04-16,11:20:32,24
2017-04-16,11:45:46,6
2017-04-16,11:55:38,1
2017-04-16,12:28:41,15
2017-04-16,12:45:09,1
2017-04-16,13:20:41,1
2017-04-16,13:33:56,1
2017-04-16,14:19:43,1
2017-04-16,14:23:43,4
2017-04-16,14:37:58,15
2017-04-16,16:22:25,1
2017-04-16,16:39:58,3
2017-04-16,16:46:47,1
2017-04-16,16:49:50,7
2017-04-16,17:01:46,1
2017-04-16,17:04:44,15
2017-04-16,17:24:23,6
2017-04-16,17:43:03,5
2017-04-16,17:51:24,14
2017-04-16,18:08:34,5
2017-04-16,18:15:59,5
2017-04-16,18:27:26,1
2017-04-16,18:34:42,1
2017-04-16,18:45:48,41
2017-04-16,19:46:12,2
2017-04-16,20:20:34,3
2017-04-16,21:28:58,8
2017-04-16,21:39:48,19
2017-04-16,22:01:51,6
2017-04-16,22:39:39,1
2017-04-15,08:27:10,57
2017-04-15,09:36:26,23
2017-04-15,12:02:04,5
2017-04-15,12:17:04,8
2017-04-15,12:40:11,14
2017-04-15,12:56:18,12
2017-04-15,13:11:35,3
2017-04-15,14:59:10,1
2017-04-15,15:32:16,4
2017-04-15,15:51:51,14
2017-04-15,16:40:18,2
2017-04-15,16:46:35,1
2017-04-15,16:51:56,2
2017-04-15,17:03:23,3
2017-04-15,17:13:21,4
2017-04-15,17:24:41,7
2017-04-15,17:38:47,7
2017-04-15,17:59:56,3
2017-04-15,18:07:08,1
2017-04-15,19:00:56,7
2017-04-15,19:16:59,3
2017-04-15,19:54:15,3
2017-04-15,20:11:57,2
2017-04-15,20:23:38,20
2017-04-15,20:52:35,1
2017-04-15,20:55:40,3
2017-04-15,21:17:38,14
2017-04-15,21:36:43,3
2017-04-15,21:43:45,36
2017-04-15,22:49:50,19
2017-04-14,00:27:37,195
2017-04-14,09:49:48,1
2017-04-14,10:01:49,4
2017-04-14,11:48:53,1
2017-04-14,11:54:37,2
2017-04-14,12:57:56,1
2017-04-14,13:06:24,3
2017-04-14,13:26:09,20
2017-04-14,14:46:52,1
2017-04-14,14:49:49,7
2017-04-14,15:03:30,1
2017-04-14,15:15:09,2
2017-04-14,15:23:53,1
2017-04-14,15:29:20,2
2017-04-14,15:40:30,1
2017-04-14,15:49:10,20
2017-04-14,16:20:35,24
2017-04-14,16:58:07,8
2017-04-14,17:22:20,5
2017-04-14,17:42:52,91
2017-04-14,21:24:52,2
2017-04-13,00:02:48,5
2017-04-13,01:30:58,3
2017-04-13,09:44:53,1
2017-04-13,09:55:23,1
2017-04-13,10:09:03,2
2017-04-13,10:46:59,1
2017-04-13,11:19:25,13
2017-04-13,11:33:59,9
2017-04-13,11:46:16,15
2017-04-13,12:09:23,1
2017-04-13,12:49:19,5
2017-04-13,12:56:37,1
2017-04-13,13:20:48,3
2017-04-13,13:31:04,1
2017-04-13,13:34:09,1
2017-04-13,14:25:53,1
2017-04-13,14:49:43,2
2017-04-13,15:03:43,2
2017-04-13,15:21:11,22
2017-04-13,15:59:34,1
2017-04-13,16:01:56,4
2017-04-13,16:07:36,3
2017-04-13,16:32:57,3
2017-04-13,16:54:30,4
2017-04-13,17:07:31,2
2017-04-13,17:15:59,6
2017-04-13,17:43:40,2
2017-04-13,17:57:46,3
2017-04-13,18:08:02,1
2017-04-13,18:29:36,3
2017-04-13,18:35:00,1
2017-04-13,18:38:34,6
2017-04-13,19:14:03,10
2017-04-13,19:25:31,13
2017-04-13,19:40:54,2
2017-04-13,22:13:58,1
2017-04-12,00:21:51,2
2017-04-12,00:25:42,4
2017-04-12,02:39:54,5
2017-04-12,08:55:03,3
2017-04-12,09:22:43,1
2017-04-12,09:35:40,19
2017-04-12,10:28:03,1
2017-04-12,10:40:55,5
2017-04-12,10:47:03,7
2017-04-12,11:04:45,4
2017-04-12,12:01:30,1
2017-04-12,12:04:40,5
2017-04-12,12:18:58,10
2017-04-12,12:34:06,4
2017-04-12,12:43:51,2
2017-04-12,12:51:50,1
2017-04-12,13:20:48,1
2017-04-12,13:27:21,4
2017-04-12,13:36:45,12
2017-04-12,14:19:52,5
2017-04-12,14:29:47,1
2017-04-12,14:45:52,4
2017-04-12,14:51:40,1
2017-04-12,14:55:35,3
2017-04-12,15:22:50,1
2017-04-12,15:53:20,1
2017-04-12,16:17:54,6
2017-04-12,17:31:41,3
2017-04-12,17:36:55,16
2017-04-12,17:59:31,1
2017-04-12,18:14:25,1
2017-04-12,18:20:04,9
2017-04-12,19:05:34,1
2017-04-12,19:07:45,1
2017-04-12,19:12:39,1
2017-04-12,19:19:05,1
2017-04-12,19:36:40,1
2017-04-12,19:54:05,10
2017-04-12,20:50:13,2
2017-04-12,21:05:25,1
2017-04-12,21:49:59,5
2017-04-11,08:55:40,4
2017-04-11,09:33:04,2
2017-04-11,10:02:55,6
2017-04-11,10:11:09,2
2017-04-11,10:35:01,2
2017-04-11,11:17:29,1
2017-04-11,11:20:38,4
2017-04-11,12:05:46,3
2017-04-11,12:19:17,1
2017-04-11,12:24:58,2
2017-04-11,12:32:45,5
2017-04-11,13:02:34,3
2017-04-11,13:07:48,2
2017-04-11,13:14:39,8
2017-04-11,13:50:04,10
2017-04-11,14:54:27,3
2017-04-11,15:13:21,3
2017-04-11,15:28:54,2
2017-04-11,15:37:29,12
2017-04-11,16:32:36,2
2017-04-11,16:38:34,1
2017-04-11,16:40:56,1
2017-04-11,16:56:33,5
2017-04-11,17:13:01,1
2017-04-11,17:40:25,4
2017-04-11,18:01:57,1
2017-04-11,18:10:45,6
2017-04-11,18:36:14,3
2017-04-11,18:42:56,20
2017-04-11,19:05:16,4
2017-04-11,19:22:18,6
2017-04-11,22:05:33,5
2017-04-10,11:05:18,2
2017-04-10,11:09:56,4
2017-04-10,11:15:20,19
2017-04-10,11:46:20,8
2017-04-10,11:57:35,14
2017-04-10,12:14:04,1
2017-04-10,13:05:56,1
2017-04-10,13:11:18,25
2017-04-10,13:38:14,1
2017-04-10,13:41:56,1
2017-04-10,13:55:47,26
2017-04-10,14:23:12,1
2017-04-10,14:27:31,4
2017-04-10,14:34:21,137
2017-04-10,16:58:16,2
2017-04-10,17:03:16,1
2017-04-10,17:05:31,24
2017-04-10,17:48:37,6
2017-04-10,17:56:37,12
2017-04-10,18:10:50,2
2017-04-10,18:14:09,2
2017-04-10,18:18:15,3
2017-04-10,18:33:53,1
2017-04-10,18:39:31,1
2017-04-10,19:18:05,4
2017-04-10,19:41:12,1
2017-04-10,19:48:38,1
2017-04-10,19:56:24,1
2017-04-10,20:08:51,1
2017-04-10,22:21:24,5
